Name,Type_1,Total,HP,Attack,Defense,Sp_Atk,Sp_Def,Speed,Generation,isLegendary,Color,hasGender,Pr_Male,Egg_Group_1,hasMegaEvolution,Height_m,Weight_kg,Catch_Rate,Body_Style
Bulbasaur,Grass,318,45,49,49,65,65,45,1,False,Green,True,0.875,Monster,False,0.71,6.9,45,quadruped
Ivysaur,Grass,405,60,62,63,80,80,60,1,False,Green,True,0.875,Monster,False,0.99,13.0,45,quadruped
Venusaur,Grass,525,80,82,83,100,100,80,1,False,Green,True,0.875,Monster,True,2.01,100.0,45,quadruped
Charmander,Fire,309,39,52,43,60,50,65,1,False,Red,True,0.875,Monster,False,0.61,8.5,45,bipedal_tailed
Charmeleon,Fire,405,58,64,58,80,65,80,1,False,Red,True,0.875,Monster,False,1.09,19.0,45,bipedal_tailed
Charizard,Fire,534,78,84,78,109,85,100,1,False,Red,True,0.875,Monster,True,1.7,90.5,45,bipedal_tailed
Squirtle,Water,314,44,48,65,50,64,43,1,False,Blue,True,0.875,Monster,False,0.51,9.0,45,bipedal_tailed
Wartortle,Water,405,59,63,80,65,80,58,1,False,Blue,True,0.875,Monster,False,0.99,22.5,45,bipedal_tailed
Blastoise,Water,530,79,83,100,85,105,78,1,False,Blue,True,0.875,Monster,True,1.6,85.5,45,bipedal_tailed
Caterpie,Bug,195,45,30,35,20,20,45,1,False,Green,True,0.5,Bug,False,0.3,2.9,255,insectoid
Metapod,Bug,205,50,20,55,25,25,30,1,False,Green,True,0.5,Bug,False,0.71,9.9,120,serpentine_body
Butterfree,Bug,395,60,45,50,90,80,70,1,False,White,True,0.5,Bug,False,1.09,32.0,45,four_wings
Weedle,Bug,195,40,35,30,20,20,50,1,False,Brown,True,0.5,Bug,False,0.3,3.2,255,serpentine_body
Kakuna,Bug,205,45,25,50,25,25,35,1,False,Yellow,True,0.5,Bug,False,0.61,10.0,120,serpentine_body
Beedrill,Bug,395,65,90,40,45,80,75,1,False,Yellow,True,0.5,Bug,True,0.99,29.5,45,four_wings
Pidgey,Normal,251,40,45,40,35,35,56,1,False,Brown,True,0.5,Flying,False,0.3,1.8,255,two_wings
Pidgeotto,Normal,349,63,60,55,50,50,71,1,False,Brown,True,0.5,Flying,False,1.09,30.0,120,two_wings
Pidgeot,Normal,479,83,80,75,70,70,101,1,False,Brown,True,0.5,Flying,True,1.5,39.5,45,two_wings
Rattata,Normal,253,30,56,35,25,35,72,1,False,Purple,True,0.5,Field,False,0.3,3.5,255,quadruped
Raticate,Normal,413,55,81,60,50,70,97,1,False,Brown,True,0.5,Field,False,0.71,18.5,127,quadruped
Spearow,Normal,262,40,60,30,31,31,70,1,False,Brown,True,0.5,Flying,False,0.3,2.0,255,two_wings
Fearow,Normal,442,65,90,65,61,61,100,1,False,Brown,True,0.5,Flying,False,1.19,38.0,90,two_wings
Ekans,Poison,288,35,60,44,40,54,55,1,False,Purple,True,0.5,Field,False,2.01,6.9,255,serpentine_body
Arbok,Poison,438,60,85,69,65,79,80,1,False,Purple,True,0.5,Field,False,3.51,65.0,90,serpentine_body
Pikachu,Electric,320,35,55,40,50,50,90,1,False,Yellow,True,0.5,Field,False,0.41,6.0,190,quadruped
Raichu,Electric,485,60,90,55,90,80,110,1,False,Yellow,True,0.5,Field,False,0.79,30.0,75,bipedal_tailed
Sandshrew,Ground,300,50,75,85,20,30,40,1,False,Yellow,True,0.5,Field,False,0.61,12.0,255,bipedal_tailed
Sandslash,Ground,450,75,100,110,45,55,65,1,False,Yellow,True,0.5,Field,False,0.99,29.5,90,bipedal_tailed
Nidoran♀,Poison,275,55,47,52,40,40,41,1,False,Blue,True,0.0,Monster,False,0.41,7.0,235,quadruped
Nidorina,Poison,365,70,62,67,55,55,56,1,False,Blue,True,0.0,Undiscovered,False,0.79,20.0,120,quadruped
Nidoqueen,Poison,505,90,92,87,75,85,76,1,False,Blue,True,0.0,Undiscovered,False,1.3,60.0,45,bipedal_tailed
Nidoran♂,Poison,273,46,57,40,40,40,50,1,False,Purple,True,1.0,Monster,False,0.51,9.0,235,quadruped
Nidorino,Poison,365,61,72,57,55,55,65,1,False,Purple,True,1.0,Monster,False,0.89,19.5,120,quadruped
Nidoking,Poison,505,81,102,77,85,75,85,1,False,Purple,True,1.0,Monster,False,1.4,62.0,45,bipedal_tailed
Clefairy,Fairy,323,70,45,48,60,65,35,1,False,Pink,True,0.25,Fairy,False,0.61,7.5,150,bipedal_tailed
Clefable,Fairy,483,95,70,73,95,90,60,1,False,Pink,True,0.25,Fairy,False,1.3,40.0,25,bipedal_tailed
Vulpix,Fire,299,38,41,40,50,65,65,1,False,Brown,True,0.25,Field,False,0.61,9.9,190,quadruped
Ninetales,Fire,505,73,76,75,81,100,100,1,False,Yellow,True,0.25,Field,False,1.09,19.9,75,quadruped
Jigglypuff,Normal,270,115,45,20,45,25,20,1,False,Pink,True,0.25,Fairy,False,0.51,5.5,170,bipedal_tailless
Wigglytuff,Normal,435,140,70,45,85,50,45,1,False,Pink,True,0.25,Fairy,False,0.99,12.0,50,bipedal_tailless
Zubat,Poison,245,40,45,35,30,40,55,1,False,Purple,True,0.5,Flying,False,0.79,7.5,255,two_wings
Golbat,Poison,455,75,80,70,65,75,90,1,False,Purple,True,0.5,Flying,False,1.6,55.0,90,two_wings
Oddish,Grass,320,45,50,55,75,65,30,1,False,Blue,True,0.5,Grass,False,0.51,5.4,255,head_legs
Gloom,Grass,395,60,65,70,85,75,40,1,False,Blue,True,0.5,Grass,False,0.79,8.6,120,bipedal_tailless
Vileplume,Grass,490,75,80,85,110,90,50,1,False,Red,True,0.5,Grass,False,1.19,18.6,45,bipedal_tailless
Paras,Bug,285,35,70,55,45,55,25,1,False,Red,True,0.5,Bug,False,0.3,5.4,190,insectoid
Parasect,Bug,405,60,95,80,60,80,30,1,False,Red,True,0.5,Bug,False,0.99,29.5,75,insectoid
Venonat,Bug,305,60,55,50,40,55,45,1,False,Purple,True,0.5,Bug,False,0.99,30.0,190,bipedal_tailless
Venomoth,Bug,450,70,65,60,90,75,90,1,False,Purple,True,0.5,Bug,False,1.5,12.5,75,four_wings
Diglett,Ground,265,10,55,25,35,45,95,1,False,Brown,True,0.5,Field,False,0.2,0.8,255,head_base
Dugtrio,Ground,405,35,80,50,50,70,120,1,False,Brown,True,0.5,Field,False,0.71,33.3,50,multiple_bodies
Meowth,Normal,290,40,45,35,40,40,90,1,False,Yellow,True,0.5,Field,False,0.41,4.2,255,quadruped
Persian,Normal,440,65,70,60,65,65,115,1,False,Yellow,True,0.5,Field,False,0.99,32.0,90,quadruped
Psyduck,Water,320,50,52,48,65,50,55,1,False,Yellow,True,0.5,Water_1,False,0.79,19.6,190,bipedal_tailed
Golduck,Water,500,80,82,78,95,80,85,1,False,Blue,True,0.5,Water_1,False,1.7,76.6,75,bipedal_tailed
Mankey,Fighting,305,40,80,35,35,45,70,1,False,Brown,True,0.5,Field,False,0.51,28.0,190,bipedal_tailed
Primeape,Fighting,455,65,105,60,60,70,95,1,False,Brown,True,0.5,Field,False,0.99,32.0,75,bipedal_tailed
Growlithe,Fire,350,55,70,45,70,50,60,1,False,Brown,True,0.75,Field,False,0.71,19.0,190,quadruped
Arcanine,Fire,555,90,110,80,100,80,95,1,False,Brown,True,0.75,Field,False,1.91,155.0,75,quadruped
Poliwag,Water,300,40,50,40,40,40,90,1,False,Blue,True,0.5,Water_1,False,0.61,12.4,255,head_legs
Poliwhirl,Water,385,65,65,65,50,50,90,1,False,Blue,True,0.5,Water_1,False,0.99,20.0,120,bipedal_tailless
Poliwrath,Water,510,90,95,95,70,90,70,1,False,Blue,True,0.5,Water_1,False,1.3,54.0,45,bipedal_tailless
Abra,Psychic,310,25,20,15,105,55,90,1,False,Brown,True,0.75,Human-Like,False,0.89,19.5,200,bipedal_tailed
Kadabra,Psychic,400,40,35,30,120,70,105,1,False,Brown,True,0.75,Human-Like,False,1.3,56.5,100,bipedal_tailed
Alakazam,Psychic,500,55,50,45,135,95,120,1,False,Brown,True,0.75,Human-Like,True,1.5,48.0,50,bipedal_tailless
Machop,Fighting,305,70,80,50,35,35,35,1,False,Grey,True,0.75,Human-Like,False,0.79,19.5,180,bipedal_tailed
Machoke,Fighting,405,80,100,70,50,60,45,1,False,Grey,True,0.75,Human-Like,False,1.5,70.5,90,bipedal_tailless
Machamp,Fighting,505,90,130,80,65,85,55,1,False,Grey,True,0.75,Human-Like,False,1.6,130.0,45,bipedal_tailless
Bellsprout,Grass,300,50,75,35,70,30,40,1,False,Green,True,0.5,Grass,False,0.71,4.0,255,bipedal_tailless
Weepinbell,Grass,390,65,90,50,85,45,55,1,False,Green,True,0.5,Grass,False,0.99,6.4,120,head_base
Victreebel,Grass,490,80,105,65,100,70,70,1,False,Green,True,0.5,Grass,False,1.7,15.5,45,head_base
Tentacool,Water,335,40,40,35,50,100,70,1,False,Blue,True,0.5,Water_3,False,0.89,45.5,190,several_limbs
Tentacruel,Water,515,80,70,65,80,120,100,1,False,Blue,True,0.5,Water_3,False,1.6,55.0,60,several_limbs
Geodude,Rock,300,40,80,100,30,30,20,1,False,Brown,True,0.5,Mineral,False,0.41,20.0,255,head_arms
Graveler,Rock,390,55,95,115,45,45,35,1,False,Brown,True,0.5,Mineral,False,0.99,105.0,120,bipedal_tailless
Golem,Rock,495,80,120,130,55,65,45,1,False,Brown,True,0.5,Mineral,False,1.4,300.0,45,bipedal_tailless
Ponyta,Fire,410,50,85,55,65,65,90,1,False,Yellow,True,0.5,Field,False,0.99,30.0,190,quadruped
Rapidash,Fire,500,65,100,70,80,80,105,1,False,Yellow,True,0.5,Field,False,1.7,95.0,60,quadruped
Slowpoke,Water,315,90,65,65,40,40,15,1,False,Pink,True,0.5,Monster,False,1.19,36.0,190,quadruped
Slowbro,Water,490,95,75,110,100,80,30,1,False,Pink,True,0.5,Monster,True,1.6,78.5,75,bipedal_tailed
Magnemite,Electric,325,25,35,70,95,55,45,1,False,Grey,False,0.5533773291925466,Mineral,False,0.3,6.0,190,head_arms
Magneton,Electric,465,50,60,95,120,70,70,1,False,Grey,False,0.5533773291925466,Mineral,False,0.99,60.0,60,multiple_bodies
Farfetch'd,Normal,352,52,65,55,58,62,60,1,False,Brown,True,0.5,Flying,False,0.79,15.0,45,two_wings
Doduo,Normal,310,35,85,45,35,35,75,1,False,Brown,True,0.5,Flying,False,1.4,39.2,190,head_legs
Dodrio,Normal,460,60,110,70,60,60,100,1,False,Brown,True,0.5,Flying,False,1.8,85.2,45,head_legs
Seel,Water,325,65,45,55,45,70,45,1,False,White,True,0.5,Water_1,False,1.09,90.0,190,with_fins
Dewgong,Water,475,90,70,80,70,95,70,1,False,White,True,0.5,Water_1,False,1.7,120.0,75,with_fins
Grimer,Poison,325,80,80,50,40,50,25,1,False,Purple,True,0.5,Amorphous,False,0.89,30.0,190,head_arms
Muk,Poison,500,105,105,75,65,100,50,1,False,Purple,True,0.5,Amorphous,False,1.19,30.0,75,head_arms
Shellder,Water,305,30,65,100,45,25,40,1,False,Purple,True,0.5,Water_3,False,0.3,4.0,190,head_only
Cloyster,Water,525,50,95,180,85,45,70,1,False,Purple,True,0.5,Water_3,False,1.5,132.5,60,head_only
Gastly,Ghost,310,30,35,30,100,35,80,1,False,Purple,True,0.5,Amorphous,False,1.3,0.1,190,head_only
Haunter,Ghost,405,45,50,45,115,55,95,1,False,Purple,True,0.5,Amorphous,False,1.6,0.1,90,head_arms
Gengar,Ghost,500,60,65,60,130,75,110,1,False,Purple,True,0.5,Amorphous,True,1.5,40.5,45,bipedal_tailed
Onix,Rock,385,35,45,160,30,45,70,1,False,Grey,True,0.5,Mineral,False,8.79,210.0,45,serpentine_body
Drowzee,Psychic,328,60,48,45,43,90,42,1,False,Yellow,True,0.5,Human-Like,False,0.99,32.4,190,bipedal_tailless
Hypno,Psychic,483,85,73,70,73,115,67,1,False,Yellow,True,0.5,Human-Like,False,1.6,75.6,75,bipedal_tailless
Krabby,Water,325,30,105,90,25,25,50,1,False,Red,True,0.5,Water_3,False,0.41,6.5,225,insectoid
Kingler,Water,475,55,130,115,50,50,75,1,False,Red,True,0.5,Water_3,False,1.3,60.0,60,insectoid
Voltorb,Electric,330,40,30,50,55,55,100,1,False,Red,False,0.5533773291925466,Mineral,False,0.51,10.4,190,head_only
Electrode,Electric,480,60,50,70,80,80,140,1,False,Red,False,0.5533773291925466,Mineral,False,1.19,66.6,60,head_only
Exeggcute,Grass,325,60,40,80,60,45,40,1,False,Pink,True,0.5,Grass,False,0.41,2.5,90,multiple_bodies
Exeggutor,Grass,520,95,95,85,125,65,55,1,False,Yellow,True,0.5,Grass,False,2.01,120.0,45,head_legs
Cubone,Ground,320,50,50,95,40,50,35,1,False,Brown,True,0.5,Monster,False,0.41,6.5,190,bipedal_tailed
Marowak,Ground,425,60,80,110,50,80,45,1,False,Brown,True,0.5,Monster,False,0.99,45.0,75,bipedal_tailed
Hitmonlee,Fighting,455,50,120,53,35,110,87,1,False,Brown,True,1.0,Human-Like,False,1.5,49.8,45,bipedal_tailless
Hitmonchan,Fighting,455,50,105,79,35,110,76,1,False,Brown,True,1.0,Human-Like,False,1.4,50.2,45,bipedal_tailless
Lickitung,Normal,385,90,55,75,60,75,30,1,False,Pink,True,0.5,Monster,False,1.19,65.5,45,bipedal_tailed
Koffing,Poison,340,40,65,95,60,45,35,1,False,Purple,True,0.5,Amorphous,False,0.61,1.0,190,head_only
Weezing,Poison,490,65,90,120,85,70,60,1,False,Purple,True,0.5,Amorphous,False,1.19,9.5,60,multiple_bodies
Rhyhorn,Ground,345,80,85,95,30,30,25,1,False,Grey,True,0.5,Monster,False,0.99,115.0,120,quadruped
Rhydon,Ground,485,105,130,120,45,45,40,1,False,Grey,True,0.5,Monster,False,1.91,120.0,60,bipedal_tailed
Chansey,Normal,450,250,5,5,35,105,50,1,False,Pink,True,0.0,Fairy,False,1.09,34.6,30,bipedal_tailed
Tangela,Grass,435,65,55,115,100,40,60,1,False,Blue,True,0.5,Grass,False,0.99,35.0,45,head_legs
Kangaskhan,Normal,490,105,95,80,40,80,90,1,False,Brown,True,0.0,Monster,True,2.21,80.0,45,bipedal_tailed
Horsea,Water,295,30,40,70,70,25,60,1,False,Blue,True,0.5,Water_1,False,0.41,8.0,225,head_base
Seadra,Water,440,55,65,95,95,45,85,1,False,Blue,True,0.5,Water_1,False,1.19,25.0,75,head_base
Goldeen,Water,320,45,67,60,35,50,63,1,False,Red,True,0.5,Water_2,False,0.61,15.0,225,with_fins
Seaking,Water,450,80,92,65,65,80,68,1,False,Red,True,0.5,Water_2,False,1.3,39.0,60,with_fins
Staryu,Water,340,30,45,55,70,55,85,1,False,Brown,False,0.5533773291925466,Water_3,False,0.79,34.5,225,head_base
Starmie,Water,520,60,75,85,100,85,115,1,False,Purple,False,0.5533773291925466,Water_3,False,1.09,80.0,60,head_base
Mr._Mime,Psychic,460,40,45,65,100,120,90,1,False,Pink,True,0.5,Human-Like,False,1.3,54.5,45,bipedal_tailless
Scyther,Bug,500,70,110,80,55,80,105,1,False,Green,True,0.5,Bug,False,1.5,56.0,45,four_wings
Jynx,Ice,455,65,50,35,115,95,95,1,False,Red,True,0.0,Human-Like,False,1.4,40.6,45,bipedal_tailless
Electabuzz,Electric,490,65,83,57,95,85,105,1,False,Yellow,True,0.75,Human-Like,False,1.09,30.0,45,bipedal_tailed
Magmar,Fire,495,65,95,57,100,85,93,1,False,Red,True,0.75,Human-Like,False,1.3,44.5,45,bipedal_tailed
Pinsir,Bug,500,65,125,100,55,70,85,1,False,Brown,True,0.5,Bug,True,1.5,55.0,45,bipedal_tailless
Tauros,Normal,490,75,100,95,40,70,110,1,False,Brown,True,1.0,Field,False,1.4,88.4,45,quadruped
Magikarp,Water,200,20,10,55,15,20,80,1,False,Red,True,0.5,Water_2,False,0.89,10.0,255,with_fins
Gyarados,Water,540,95,125,79,60,100,81,1,False,Blue,True,0.5,Water_2,True,6.5,235.0,45,serpentine_body
Lapras,Water,535,130,85,80,85,95,60,1,False,Blue,True,0.5,Monster,False,2.49,220.0,45,with_fins
Ditto,Normal,288,48,48,48,48,48,48,1,False,Purple,False,0.5533773291925466,Ditto,False,0.3,4.0,35,head_only
Eevee,Normal,325,55,55,50,45,65,55,1,False,Brown,True,0.875,Field,False,0.3,6.5,45,quadruped
Vaporeon,Water,525,130,65,60,110,95,65,1,False,Blue,True,0.875,Field,False,0.99,29.0,45,quadruped
Jolteon,Electric,525,65,65,60,110,95,130,1,False,Yellow,True,0.875,Field,False,0.79,24.5,45,quadruped
Flareon,Fire,525,65,130,60,95,110,65,1,False,Red,True,0.875,Field,False,0.89,25.0,45,quadruped
Porygon,Normal,395,65,60,70,85,75,40,1,False,Pink,False,0.5533773291925466,Mineral,False,0.79,36.5,45,head_legs
Omanyte,Rock,355,35,40,100,90,55,35,1,False,Blue,True,0.875,Water_1,False,0.41,7.5,45,several_limbs
Omastar,Rock,495,70,60,125,115,70,55,1,False,Blue,True,0.875,Water_1,False,0.99,35.0,45,several_limbs
Kabuto,Rock,355,30,80,90,55,45,55,1,False,Brown,True,0.875,Water_1,False,0.51,11.5,45,insectoid
Kabutops,Rock,495,60,115,105,65,70,80,1,False,Brown,True,0.875,Water_1,False,1.3,40.5,45,bipedal_tailed
Aerodactyl,Rock,515,80,105,65,60,75,130,1,False,Purple,True,0.875,Flying,True,1.8,59.0,45,two_wings
Snorlax,Normal,540,160,110,65,65,110,30,1,False,Black,True,0.875,Monster,False,2.11,460.0,25,bipedal_tailless
Articuno,Ice,580,90,85,100,95,125,85,1,True,Blue,False,0.5533773291925466,Undiscovered,False,1.7,55.4,3,two_wings
Zapdos,Electric,580,90,90,85,125,90,100,1,True,Yellow,False,0.5533773291925466,Undiscovered,False,1.6,52.6,3,two_wings
Moltres,Fire,580,90,100,90,125,85,90,1,True,Yellow,False,0.5533773291925466,Undiscovered,False,2.01,60.0,3,two_wings
Dratini,Dragon,300,41,64,45,50,50,50,1,False,Blue,True,0.5,Water_1,False,1.8,3.3,45,serpentine_body
Dragonair,Dragon,420,61,84,65,70,70,70,1,False,Blue,True,0.5,Water_1,False,3.99,16.5,45,serpentine_body
Dragonite,Dragon,600,91,134,95,100,100,80,1,False,Brown,True,0.5,Water_1,False,2.21,210.0,45,bipedal_tailed
Mewtwo,Psychic,680,106,110,90,154,90,130,1,True,Purple,False,0.5533773291925466,Undiscovered,True,2.01,122.0,3,bipedal_tailed
Mew,Psychic,600,100,100,100,100,100,100,1,False,Pink,False,0.5533773291925466,Undiscovered,False,0.41,4.0,45,bipedal_tailed
Chikorita,Grass,318,45,49,65,49,65,45,2,False,Green,True,0.875,Monster,False,0.89,6.4,45,quadruped
Bayleef,Grass,405,60,62,80,63,80,60,2,False,Green,True,0.875,Monster,False,1.19,15.8,45,quadruped
Meganium,Grass,525,80,82,100,83,100,80,2,False,Green,True,0.875,Monster,False,1.8,100.5,45,quadruped
Cyndaquil,Fire,309,39,52,43,60,50,65,2,False,Yellow,True,0.875,Field,False,0.51,7.9,45,bipedal_tailless
Quilava,Fire,405,58,64,58,80,65,80,2,False,Yellow,True,0.875,Field,False,0.89,19.0,45,quadruped
Typhlosion,Fire,534,78,84,78,109,85,100,2,False,Yellow,True,0.875,Field,False,1.7,79.5,45,quadruped
Totodile,Water,314,50,65,64,44,48,43,2,False,Blue,True,0.875,Monster,False,0.61,9.5,45,bipedal_tailed
Croconaw,Water,405,65,80,80,59,63,58,2,False,Blue,True,0.875,Monster,False,1.09,25.0,45,bipedal_tailed
Feraligatr,Water,530,85,105,100,79,83,78,2,False,Blue,True,0.875,Monster,False,2.31,88.8,45,bipedal_tailed
Sentret,Normal,215,35,46,34,35,45,20,2,False,Brown,True,0.5,Field,False,0.79,6.0,255,quadruped
Furret,Normal,415,85,76,64,45,55,90,2,False,Brown,True,0.5,Field,False,1.8,32.5,90,quadruped
Hoothoot,Normal,262,60,30,30,36,56,50,2,False,Brown,True,0.5,Flying,False,0.71,21.2,255,two_wings
Noctowl,Normal,442,100,50,50,76,96,70,2,False,Brown,True,0.5,Flying,False,1.6,40.8,90,two_wings
Ledyba,Bug,265,40,20,30,40,80,55,2,False,Red,True,0.5,Bug,False,0.99,10.8,255,two_wings
Ledian,Bug,390,55,35,50,55,110,85,2,False,Red,True,0.5,Bug,False,1.4,35.6,90,two_wings
Spinarak,Bug,250,40,60,40,40,40,30,2,False,Green,True,0.5,Bug,False,0.51,8.5,255,insectoid
Ariados,Bug,390,70,90,70,60,60,40,2,False,Red,True,0.5,Bug,False,1.09,33.5,90,insectoid
Crobat,Poison,535,85,90,80,70,80,130,2,False,Purple,True,0.5,Flying,False,1.8,75.0,90,four_wings
Chinchou,Water,330,75,38,38,56,56,67,2,False,Blue,True,0.5,Water_2,False,0.51,12.0,190,with_fins
Lanturn,Water,460,125,58,58,76,76,67,2,False,Blue,True,0.5,Water_2,False,1.19,22.5,75,with_fins
Pichu,Electric,205,20,40,15,35,35,60,2,False,Yellow,True,0.5,Undiscovered,False,0.3,2.0,190,quadruped
Cleffa,Fairy,218,50,25,28,45,55,15,2,False,Pink,True,0.25,Undiscovered,False,0.3,3.0,150,bipedal_tailed
Igglybuff,Normal,210,90,30,15,40,20,15,2,False,Pink,True,0.25,Undiscovered,False,0.3,1.0,170,bipedal_tailless
Togepi,Fairy,245,35,20,65,40,65,20,2,False,White,True,0.875,Undiscovered,False,0.3,1.5,190,bipedal_tailless
Togetic,Fairy,405,55,40,85,80,105,40,2,False,White,True,0.875,Flying,False,0.61,3.2,75,bipedal_tailless
Natu,Psychic,320,40,50,45,70,45,70,2,False,Green,True,0.5,Flying,False,0.2,2.0,190,two_wings
Xatu,Psychic,470,65,75,70,95,70,95,2,False,Green,True,0.5,Flying,False,1.5,15.0,75,two_wings
Mareep,Electric,280,55,40,40,65,45,35,2,False,White,True,0.5,Monster,False,0.61,7.8,235,quadruped
Flaaffy,Electric,365,70,55,55,80,60,45,2,False,Pink,True,0.5,Monster,False,0.79,13.3,120,bipedal_tailed
Ampharos,Electric,510,90,75,85,115,90,55,2,False,Yellow,True,0.5,Monster,True,1.4,61.5,45,bipedal_tailed
Bellossom,Grass,490,75,80,95,90,100,50,2,False,Green,True,0.5,Grass,False,0.41,5.8,45,bipedal_tailless
Marill,Water,250,70,20,50,20,50,40,2,False,Blue,True,0.5,Water_1,False,0.41,8.5,190,bipedal_tailed
Azumarill,Water,420,100,50,80,60,80,50,2,False,Blue,True,0.5,Water_1,False,0.79,28.5,75,bipedal_tailed
Sudowoodo,Rock,410,70,100,115,30,65,30,2,False,Brown,True,0.5,Mineral,False,1.19,38.0,65,bipedal_tailless
Politoed,Water,500,90,75,75,90,100,70,2,False,Green,True,0.5,Water_1,False,1.09,33.9,45,bipedal_tailed
Hoppip,Grass,250,35,35,40,35,55,50,2,False,Pink,True,0.5,Fairy,False,0.41,0.5,255,bipedal_tailed
Skiploom,Grass,340,55,45,50,45,65,80,2,False,Green,True,0.5,Fairy,False,0.61,1.0,120,bipedal_tailed
Jumpluff,Grass,460,75,55,70,55,95,110,2,False,Blue,True,0.5,Fairy,False,0.79,3.0,45,bipedal_tailed
Aipom,Normal,360,55,70,55,40,55,85,2,False,Purple,True,0.5,Field,False,0.79,11.5,45,bipedal_tailed
Sunkern,Grass,180,30,30,30,30,30,30,2,False,Yellow,True,0.5,Grass,False,0.3,1.8,235,head_only
Sunflora,Grass,425,75,75,55,105,85,30,2,False,Yellow,True,0.5,Grass,False,0.79,8.5,120,bipedal_tailless
Yanma,Bug,390,65,65,45,75,45,95,2,False,Red,True,0.5,Bug,False,1.19,38.0,75,four_wings
Wooper,Water,210,55,45,45,25,25,15,2,False,Blue,True,0.5,Water_1,False,0.41,8.5,255,head_legs
Quagsire,Water,430,95,85,85,65,65,35,2,False,Blue,True,0.5,Water_1,False,1.4,75.0,90,bipedal_tailed
Espeon,Psychic,525,65,65,60,130,95,110,2,False,Purple,True,0.875,Field,False,0.89,26.5,45,quadruped
Umbreon,Dark,525,95,65,110,60,130,65,2,False,Black,True,0.875,Field,False,0.99,27.0,45,quadruped
Murkrow,Dark,405,60,85,42,85,42,91,2,False,Black,True,0.5,Flying,False,0.51,2.1,30,two_wings
Slowking,Water,490,95,75,80,100,110,30,2,False,Pink,True,0.5,Monster,False,2.01,79.5,70,bipedal_tailed
Misdreavus,Ghost,435,60,60,60,85,85,85,2,False,Purple,True,0.5,Amorphous,False,0.71,1.0,45,head_only
Unown,Psychic,336,48,72,48,72,48,48,2,False,Black,False,0.5533773291925466,Undiscovered,False,0.51,5.0,225,head_only
Wobbuffet,Psychic,405,190,33,58,33,58,33,2,False,Blue,True,0.5,Amorphous,False,1.3,28.5,45,head_base
Girafarig,Normal,455,70,80,65,90,65,85,2,False,Yellow,True,0.5,Field,False,1.5,41.5,60,quadruped
Pineco,Bug,290,50,65,90,35,35,15,2,False,Grey,True,0.5,Bug,False,0.61,7.2,190,head_only
Forretress,Bug,465,75,90,140,60,60,40,2,False,Purple,True,0.5,Bug,False,1.19,125.8,75,head_only
Dunsparce,Normal,415,100,70,70,65,65,45,2,False,Yellow,True,0.5,Field,False,1.5,14.0,190,serpentine_body
Gligar,Ground,430,65,75,105,35,65,85,2,False,Purple,True,0.5,Bug,False,1.09,64.8,60,two_wings
Steelix,Steel,510,75,85,200,55,65,30,2,False,Grey,True,0.5,Mineral,True,9.19,400.0,25,serpentine_body
Snubbull,Fairy,300,60,80,50,40,40,30,2,False,Pink,True,0.25,Field,False,0.61,7.8,190,bipedal_tailless
Granbull,Fairy,450,90,120,75,60,60,45,2,False,Purple,True,0.25,Field,False,1.4,48.7,75,bipedal_tailed
Qwilfish,Water,430,65,95,75,55,55,85,2,False,Grey,True,0.5,Water_2,False,0.51,3.9,45,with_fins
Scizor,Bug,500,70,130,100,55,80,65,2,False,Red,True,0.5,Bug,True,1.8,118.0,25,four_wings
Shuckle,Bug,505,20,10,230,10,230,5,2,False,Yellow,True,0.5,Bug,False,0.61,20.5,190,insectoid
Heracross,Bug,500,80,125,75,40,95,85,2,False,Blue,True,0.5,Bug,True,1.5,54.0,45,bipedal_tailless
Sneasel,Dark,430,55,95,55,35,75,115,2,False,Black,True,0.5,Field,False,0.89,28.0,60,bipedal_tailed
Teddiursa,Normal,330,60,80,50,50,50,40,2,False,Brown,True,0.5,Field,False,0.61,8.8,120,bipedal_tailed
Ursaring,Normal,500,90,130,75,75,75,55,2,False,Brown,True,0.5,Field,False,1.8,125.8,60,bipedal_tailed
Slugma,Fire,250,40,40,40,70,40,20,2,False,Red,True,0.5,Amorphous,False,0.71,35.0,190,serpentine_body
Magcargo,Fire,410,50,50,120,80,80,30,2,False,Red,True,0.5,Amorphous,False,0.79,55.0,75,serpentine_body
Swinub,Ice,250,50,50,40,30,30,50,2,False,Brown,True,0.5,Field,False,0.41,6.5,225,quadruped
Piloswine,Ice,450,100,100,80,60,60,50,2,False,Brown,True,0.5,Field,False,1.09,55.8,75,quadruped
Corsola,Water,380,55,55,85,65,85,35,2,False,Pink,True,0.25,Water_1,False,0.61,5.0,60,insectoid
Remoraid,Water,300,35,65,35,65,35,65,2,False,Grey,True,0.5,Water_1,False,0.61,12.0,190,with_fins
Octillery,Water,480,75,105,75,105,75,45,2,False,Red,True,0.5,Water_1,False,0.89,28.5,75,several_limbs
Delibird,Ice,330,45,55,45,65,45,75,2,False,Red,True,0.5,Water_1,False,0.89,16.0,45,two_wings
Mantine,Water,465,65,40,70,80,140,70,2,False,Purple,True,0.5,Water_1,False,2.11,220.0,25,two_wings
Skarmory,Steel,465,65,80,140,40,70,70,2,False,Grey,True,0.5,Flying,False,1.7,50.5,25,two_wings
Houndour,Dark,330,45,60,30,80,50,65,2,False,Black,True,0.5,Field,False,0.61,10.8,120,quadruped
Houndoom,Dark,500,75,90,50,110,80,95,2,False,Black,True,0.5,Field,True,1.4,35.0,45,quadruped
Kingdra,Water,540,75,95,95,95,95,85,2,False,Blue,True,0.5,Water_1,False,1.8,152.0,45,head_base
Phanpy,Ground,330,90,60,60,40,40,40,2,False,Blue,True,0.5,Field,False,0.51,33.5,120,quadruped
Donphan,Ground,500,90,120,120,60,60,50,2,False,Grey,True,0.5,Field,False,1.09,120.0,60,quadruped
Porygon2,Normal,515,85,80,90,105,95,60,2,False,Red,False,0.5533773291925466,Mineral,False,0.61,32.5,45,head_legs
Stantler,Normal,465,73,95,62,85,65,85,2,False,Brown,True,0.5,Field,False,1.4,71.2,45,quadruped
Smeargle,Normal,250,55,20,35,20,45,75,2,False,White,True,0.5,Field,False,1.19,58.0,45,bipedal_tailed
Tyrogue,Fighting,210,35,35,35,35,35,35,2,False,Purple,True,1.0,Undiscovered,False,0.71,21.0,75,bipedal_tailless
Hitmontop,Fighting,455,50,95,95,35,110,70,2,False,Brown,True,1.0,Human-Like,False,1.4,48.0,45,bipedal_tailed
Smoochum,Ice,305,45,30,15,85,65,65,2,False,Pink,True,0.0,Undiscovered,False,0.41,6.0,45,bipedal_tailless
Elekid,Electric,360,45,63,37,65,55,95,2,False,Yellow,True,0.75,Undiscovered,False,0.61,23.5,45,bipedal_tailless
Magby,Fire,365,45,75,37,70,55,83,2,False,Red,True,0.75,Undiscovered,False,0.71,21.4,45,bipedal_tailed
Miltank,Normal,490,95,80,105,40,70,100,2,False,Pink,True,0.0,Field,False,1.19,75.5,45,bipedal_tailed
Blissey,Normal,540,255,10,10,75,135,55,2,False,Pink,True,0.0,Fairy,False,1.5,46.8,30,bipedal_tailless
Raikou,Electric,580,90,85,75,115,100,115,2,True,Yellow,False,0.5533773291925466,Undiscovered,False,1.91,178.0,3,quadruped
Entei,Fire,580,115,115,85,90,75,100,2,True,Brown,False,0.5533773291925466,Undiscovered,False,2.11,198.0,3,quadruped
Suicune,Water,580,100,75,115,90,115,85,2,True,Blue,False,0.5533773291925466,Undiscovered,False,2.01,187.0,3,quadruped
Larvitar,Rock,300,50,64,50,45,50,41,2,False,Green,True,0.5,Monster,False,0.61,72.0,45,bipedal_tailed
Pupitar,Rock,410,70,84,70,65,70,51,2,False,Grey,True,0.5,Monster,False,1.19,152.0,45,serpentine_body
Tyranitar,Rock,600,100,134,110,95,100,61,2,False,Green,True,0.5,Monster,True,2.01,202.0,45,bipedal_tailed
Lugia,Psychic,680,106,90,130,90,154,110,2,True,White,False,0.5533773291925466,Undiscovered,False,5.21,216.0,3,two_wings
Ho-Oh,Fire,680,106,130,90,110,154,90,2,True,Red,False,0.5533773291925466,Undiscovered,False,3.81,199.0,3,two_wings
Celebi,Psychic,600,100,100,100,100,100,100,2,False,Green,False,0.5533773291925466,Undiscovered,False,0.61,5.0,45,bipedal_tailless
Treecko,Grass,310,40,45,35,65,55,70,3,False,Green,True,0.875,Monster,False,0.51,5.0,45,bipedal_tailed
Grovyle,Grass,405,50,65,45,85,65,95,3,False,Green,True,0.875,Monster,False,0.89,21.6,45,bipedal_tailed
Sceptile,Grass,530,70,85,65,105,85,120,3,False,Green,True,0.875,Monster,True,1.7,52.2,45,bipedal_tailed
Torchic,Fire,310,45,60,40,70,50,45,3,False,Red,True,0.875,Field,False,0.41,2.5,45,head_legs
Combusken,Fire,405,60,85,60,85,60,55,3,False,Red,True,0.875,Field,False,0.89,19.5,45,bipedal_tailed
Blaziken,Fire,530,80,120,70,110,70,80,3,False,Red,True,0.875,Field,True,1.91,52.0,45,bipedal_tailed
Mudkip,Water,310,50,70,50,50,50,40,3,False,Blue,True,0.875,Monster,False,0.41,7.6,45,quadruped
Marshtomp,Water,405,70,85,70,60,70,50,3,False,Blue,True,0.875,Monster,False,0.71,28.0,45,bipedal_tailed
Swampert,Water,535,100,110,90,85,90,60,3,False,Blue,True,0.875,Monster,True,1.5,81.9,45,bipedal_tailed
Poochyena,Dark,220,35,55,35,30,30,35,3,False,Grey,True,0.5,Field,False,0.51,13.6,255,quadruped
Mightyena,Dark,420,70,90,70,60,60,70,3,False,Grey,True,0.5,Field,False,0.99,37.0,127,quadruped
Zigzagoon,Normal,240,38,30,41,30,41,60,3,False,Brown,True,0.5,Field,False,0.41,17.5,255,quadruped
Linoone,Normal,420,78,70,61,50,61,100,3,False,White,True,0.5,Field,False,0.51,32.5,90,quadruped
Wurmple,Bug,195,45,45,35,20,30,20,3,False,Red,True,0.5,Bug,False,0.3,3.6,255,serpentine_body
Silcoon,Bug,205,50,35,55,25,25,15,3,False,White,True,0.5,Bug,False,0.61,10.0,120,head_only
Beautifly,Bug,395,60,70,50,100,50,65,3,False,Yellow,True,0.5,Bug,False,0.99,28.4,45,four_wings
Cascoon,Bug,205,50,35,55,25,25,15,3,False,Purple,True,0.5,Bug,False,0.71,11.5,120,head_only
Dustox,Bug,385,60,50,70,50,90,65,3,False,Green,True,0.5,Bug,False,1.19,31.6,45,four_wings
Lotad,Water,220,40,30,30,40,50,30,3,False,Green,True,0.5,Water_1,False,0.51,2.6,255,insectoid
Lombre,Water,340,60,50,50,60,70,50,3,False,Green,True,0.5,Water_1,False,1.19,32.5,120,bipedal_tailless
Ludicolo,Water,480,80,70,70,90,100,70,3,False,Green,True,0.5,Water_1,False,1.5,55.0,45,bipedal_tailless
Seedot,Grass,220,40,40,50,30,30,30,3,False,Brown,True,0.5,Field,False,0.51,4.0,255,head_legs
Nuzleaf,Grass,340,70,70,40,60,40,60,3,False,Brown,True,0.5,Field,False,0.99,28.0,120,bipedal_tailless
Shiftry,Grass,480,90,100,60,90,60,80,3,False,Brown,True,0.5,Field,False,1.3,59.6,45,bipedal_tailless
Taillow,Normal,270,40,55,30,30,30,85,3,False,Blue,True,0.5,Flying,False,0.3,2.3,200,two_wings
Swellow,Normal,430,60,85,60,50,50,125,3,False,Blue,True,0.5,Flying,False,0.71,19.8,45,two_wings
Wingull,Water,270,40,30,30,55,30,85,3,False,White,True,0.5,Water_1,False,0.61,9.5,190,two_wings
Pelipper,Water,430,60,50,100,85,70,65,3,False,Yellow,True,0.5,Water_1,False,1.19,28.0,45,two_wings
Ralts,Psychic,198,28,25,25,45,35,40,3,False,White,True,0.5,Amorphous,False,0.41,6.6,235,bipedal_tailless
Kirlia,Psychic,278,38,35,35,65,55,50,3,False,White,True,0.5,Amorphous,False,0.79,20.2,120,bipedal_tailless
Gardevoir,Psychic,518,68,65,65,125,115,80,3,False,White,True,0.5,Amorphous,True,1.6,48.4,45,bipedal_tailless
Surskit,Bug,269,40,30,32,50,52,65,3,False,Blue,True,0.5,Water_1,False,0.51,1.7,200,insectoid
Masquerain,Bug,414,70,60,62,80,82,60,3,False,Blue,True,0.5,Water_1,False,0.79,3.6,75,four_wings
Shroomish,Grass,295,60,40,60,40,60,35,3,False,Brown,True,0.5,Fairy,False,0.41,4.5,255,head_legs
Breloom,Grass,460,60,130,80,60,60,70,3,False,Green,True,0.5,Fairy,False,1.19,39.2,90,bipedal_tailed
Slakoth,Normal,280,60,60,60,35,35,30,3,False,Brown,True,0.5,Field,False,0.79,24.0,255,quadruped
Vigoroth,Normal,440,80,80,80,55,55,90,3,False,White,True,0.5,Field,False,1.4,46.5,120,bipedal_tailed
Slaking,Normal,670,150,160,100,95,65,100,3,False,Brown,True,0.5,Field,False,2.01,130.5,45,bipedal_tailless
Nincada,Bug,266,31,45,90,30,30,40,3,False,Grey,True,0.5,Bug,False,0.51,5.5,255,insectoid
Ninjask,Bug,456,61,90,45,50,50,160,3,False,Yellow,True,0.5,Bug,False,0.79,12.0,120,four_wings
Shedinja,Bug,236,1,90,45,30,30,40,3,False,Brown,False,0.5533773291925466,Mineral,False,0.79,1.2,45,head_base
Whismur,Normal,240,64,51,23,51,23,28,3,False,Pink,True,0.5,Monster,False,0.61,16.3,190,bipedal_tailed
Loudred,Normal,360,84,71,43,71,43,48,3,False,Blue,True,0.5,Monster,False,0.99,40.5,120,bipedal_tailed
Exploud,Normal,490,104,91,63,91,73,68,3,False,Blue,True,0.5,Monster,False,1.5,84.0,45,bipedal_tailed
Makuhita,Fighting,237,72,60,30,20,30,25,3,False,Yellow,True,0.75,Human-Like,False,0.99,86.4,180,bipedal_tailless
Hariyama,Fighting,474,144,120,60,40,60,50,3,False,Brown,True,0.75,Human-Like,False,2.31,253.8,200,bipedal_tailless
Azurill,Normal,190,50,20,40,20,40,20,3,False,Blue,True,0.25,Undiscovered,False,0.2,2.0,150,head_legs
Nosepass,Rock,375,30,45,135,45,90,30,3,False,Grey,True,0.5,Mineral,False,0.99,97.0,255,bipedal_tailless
Skitty,Normal,260,50,45,45,35,35,50,3,False,Pink,True,0.25,Field,False,0.61,11.0,255,quadruped
Delcatty,Normal,380,70,65,65,55,55,70,3,False,Purple,True,0.25,Field,False,1.09,32.6,60,quadruped
Sableye,Dark,380,50,75,75,65,65,50,3,False,Purple,True,0.5,Human-Like,True,0.51,11.0,45,bipedal_tailless
Mawile,Steel,380,50,85,85,55,55,50,3,False,Black,True,0.5,Field,True,0.61,11.5,45,bipedal_tailless
Aron,Steel,330,50,70,100,40,40,30,3,False,Grey,True,0.5,Monster,False,0.41,60.0,180,quadruped
Lairon,Steel,430,60,90,140,50,50,40,3,False,Grey,True,0.5,Monster,False,0.89,120.0,90,quadruped
Aggron,Steel,530,70,110,180,60,60,50,3,False,Grey,True,0.5,Monster,True,2.11,360.0,45,bipedal_tailed
Meditite,Fighting,280,30,40,55,40,55,60,3,False,Blue,True,0.5,Human-Like,False,0.61,11.2,180,bipedal_tailless
Medicham,Fighting,410,60,60,75,60,75,80,3,False,Red,True,0.5,Human-Like,True,1.3,31.5,90,bipedal_tailless
Electrike,Electric,295,40,45,40,65,40,65,3,False,Green,True,0.5,Field,False,0.61,15.2,120,quadruped
Manectric,Electric,475,70,75,60,105,60,105,3,False,Yellow,True,0.5,Field,True,1.5,40.2,45,quadruped
Plusle,Electric,405,60,50,40,85,75,95,3,False,Yellow,True,0.5,Fairy,False,0.41,4.2,200,bipedal_tailed
Minun,Electric,405,60,40,50,75,85,95,3,False,Yellow,True,0.5,Fairy,False,0.41,4.2,200,bipedal_tailed
Volbeat,Bug,400,65,73,55,47,75,85,3,False,Grey,True,1.0,Bug,False,0.71,17.7,150,bipedal_tailed
Illumise,Bug,400,65,47,55,73,75,85,3,False,Purple,True,0.0,Bug,False,0.61,17.7,150,bipedal_tailless
Roselia,Grass,400,50,60,45,100,80,65,3,False,Green,True,0.5,Fairy,False,0.3,2.0,150,bipedal_tailless
Gulpin,Poison,302,70,43,53,43,53,40,3,False,Green,True,0.5,Amorphous,False,0.41,10.3,225,head_arms
Swalot,Poison,467,100,73,83,73,83,55,3,False,Purple,True,0.5,Amorphous,False,1.7,80.0,75,head_arms
Carvanha,Water,305,45,90,20,65,20,65,3,False,Red,True,0.5,Water_2,False,0.79,20.8,225,with_fins
Sharpedo,Water,460,70,120,40,95,40,95,3,False,Blue,True,0.5,Water_2,True,1.8,88.8,60,with_fins
Wailmer,Water,400,130,70,35,70,35,60,3,False,Blue,True,0.5,Field,False,2.01,130.0,125,with_fins
Wailord,Water,500,170,90,45,90,45,60,3,False,Blue,True,0.5,Field,False,14.5,398.0,60,with_fins
Numel,Fire,305,60,60,40,65,45,35,3,False,Yellow,True,0.5,Field,False,0.71,24.0,255,quadruped
Camerupt,Fire,460,70,100,70,105,75,40,3,False,Red,True,0.5,Field,True,1.91,220.0,150,quadruped
Torkoal,Fire,470,70,85,140,85,70,20,3,False,Brown,True,0.5,Field,False,0.51,80.4,90,quadruped
Spoink,Psychic,330,60,25,35,70,80,60,3,False,Black,True,0.5,Field,False,0.71,30.6,255,head_arms
Grumpig,Psychic,470,80,45,65,90,110,80,3,False,Purple,True,0.5,Field,False,0.89,71.5,60,bipedal_tailed
Spinda,Normal,360,60,60,60,60,60,60,3,False,Brown,True,0.5,Field,False,1.09,5.0,255,bipedal_tailed
Trapinch,Ground,290,45,100,45,45,45,10,3,False,Brown,True,0.5,Bug,False,0.71,15.0,255,insectoid
Vibrava,Ground,340,50,70,50,50,50,70,3,False,Green,True,0.5,Bug,False,1.09,15.3,120,four_wings
Flygon,Ground,520,80,100,80,80,80,100,3,False,Green,True,0.5,Bug,False,2.01,82.0,45,two_wings
Cacnea,Grass,335,50,85,40,85,40,35,3,False,Green,True,0.5,Grass,False,0.41,51.3,190,bipedal_tailless
Cacturne,Grass,475,70,115,60,115,60,55,3,False,Green,True,0.5,Grass,False,1.3,77.4,60,bipedal_tailless
Swablu,Normal,310,45,40,60,40,75,50,3,False,Blue,True,0.5,Flying,False,0.41,1.2,255,two_wings
Altaria,Dragon,490,75,70,90,70,105,80,3,False,Blue,True,0.5,Flying,True,1.09,20.6,45,two_wings
Zangoose,Normal,458,73,115,60,60,60,90,3,False,White,True,0.5,Field,False,1.3,40.3,90,bipedal_tailed
Seviper,Poison,458,73,100,60,100,60,65,3,False,Black,True,0.5,Field,False,2.69,52.5,90,serpentine_body
Lunatone,Rock,440,70,55,65,95,85,70,3,False,Yellow,False,0.5533773291925466,Mineral,False,0.99,168.0,45,head_only
Solrock,Rock,440,70,95,85,55,65,70,3,False,Red,False,0.5533773291925466,Mineral,False,1.19,154.0,45,head_only
Barboach,Water,288,50,48,43,46,41,60,3,False,Grey,True,0.5,Water_2,False,0.41,1.9,190,with_fins
Whiscash,Water,468,110,78,73,76,71,60,3,False,Blue,True,0.5,Water_2,False,0.89,23.6,75,with_fins
Corphish,Water,308,43,80,65,50,35,35,3,False,Red,True,0.5,Water_1,False,0.61,11.5,205,insectoid
Crawdaunt,Water,468,63,120,85,90,55,55,3,False,Red,True,0.5,Water_1,False,1.09,32.8,155,insectoid
Baltoy,Ground,300,40,40,55,40,70,55,3,False,Brown,False,0.5533773291925466,Mineral,False,0.51,21.5,255,head_arms
Claydol,Ground,500,60,70,105,70,120,75,3,False,Black,False,0.5533773291925466,Mineral,False,1.5,108.0,90,head_arms
Lileep,Rock,355,66,41,77,61,87,23,3,False,Purple,True,0.875,Water_3,False,0.99,23.8,45,head_base
Cradily,Rock,495,86,81,97,81,107,43,3,False,Green,True,0.875,Water_3,False,1.5,60.4,45,head_base
Anorith,Rock,355,45,95,50,40,50,75,3,False,Grey,True,0.875,Water_3,False,0.71,12.5,45,insectoid
Armaldo,Rock,495,75,125,100,70,80,45,3,False,Grey,True,0.875,Water_3,False,1.5,68.2,45,bipedal_tailed
Feebas,Water,200,20,15,20,10,55,80,3,False,Brown,True,0.5,Water_1,False,0.61,7.4,255,with_fins
Milotic,Water,540,95,60,79,100,125,81,3,False,Pink,True,0.5,Water_1,False,6.2,162.0,60,serpentine_body
Castform,Normal,420,70,70,70,70,70,70,3,False,White,True,0.5,Fairy,False,0.3,0.8,45,head_only
Kecleon,Normal,440,60,90,70,60,120,40,3,False,Green,True,0.5,Field,False,0.99,22.0,200,bipedal_tailed
Shuppet,Ghost,295,44,75,35,63,33,45,3,False,Black,True,0.5,Amorphous,False,0.61,2.3,225,head_only
Banette,Ghost,455,64,115,65,83,63,65,3,False,Black,True,0.5,Amorphous,True,1.09,12.5,45,bipedal_tailed
Duskull,Ghost,295,20,40,90,30,90,25,3,False,Black,True,0.5,Amorphous,False,0.79,15.0,190,head_arms
Dusclops,Ghost,455,40,70,130,60,130,25,3,False,Black,True,0.5,Amorphous,False,1.6,30.6,90,bipedal_tailless
Tropius,Grass,460,99,68,83,72,87,51,3,False,Green,True,0.5,Monster,False,2.01,100.0,200,quadruped
Chimecho,Psychic,425,65,50,70,95,80,65,3,False,Blue,True,0.5,Amorphous,False,0.61,1.0,45,head_arms
Absol,Dark,465,65,130,60,75,60,75,3,False,White,True,0.5,Field,True,1.19,47.0,30,quadruped
Wynaut,Psychic,260,95,23,48,23,48,23,3,False,Blue,True,0.5,Undiscovered,False,0.61,14.0,125,bipedal_tailed
Snorunt,Ice,300,50,50,50,50,50,50,3,False,Grey,True,0.5,Fairy,False,0.71,16.8,190,bipedal_tailless
Glalie,Ice,480,80,80,80,80,80,80,3,False,Grey,True,0.5,Fairy,True,1.5,256.5,75,head_only
Spheal,Ice,290,70,40,50,55,50,25,3,False,Blue,True,0.5,Water_1,False,0.79,39.5,255,with_fins
Sealeo,Ice,410,90,60,70,75,70,45,3,False,Blue,True,0.5,Water_1,False,1.09,87.6,120,with_fins
Walrein,Ice,530,110,80,90,95,90,65,3,False,Blue,True,0.5,Water_1,False,1.4,150.6,45,quadruped
Clamperl,Water,345,35,64,85,74,55,32,3,False,Blue,True,0.5,Water_1,False,0.41,52.5,255,head_only
Huntail,Water,485,55,104,105,94,75,52,3,False,Blue,True,0.5,Water_1,False,1.7,27.0,60,serpentine_body
Gorebyss,Water,485,55,84,105,114,75,52,3,False,Pink,True,0.5,Water_1,False,1.8,22.6,60,serpentine_body
Relicanth,Water,485,100,90,130,45,65,55,3,False,Grey,True,0.875,Water_1,False,0.99,23.4,25,with_fins
Luvdisc,Water,330,43,30,55,40,65,97,3,False,Pink,True,0.25,Water_2,False,0.61,8.7,225,with_fins
Bagon,Dragon,300,45,75,60,40,30,50,3,False,Blue,True,0.5,Dragon,False,0.61,42.1,45,bipedal_tailless
Shelgon,Dragon,420,65,95,100,60,50,50,3,False,White,True,0.5,Dragon,False,1.09,110.5,45,quadruped
Salamence,Dragon,600,95,135,80,110,80,100,3,False,Blue,True,0.5,Dragon,True,1.5,102.6,45,quadruped
Beldum,Steel,300,40,55,80,35,60,30,3,False,Blue,False,0.5533773291925466,Mineral,False,0.61,95.2,3,head_base
Metang,Steel,420,60,75,100,55,80,50,3,False,Blue,False,0.5533773291925466,Mineral,False,1.19,202.5,3,head_arms
Metagross,Steel,600,80,135,130,95,90,70,3,False,Blue,False,0.5533773291925466,Mineral,True,1.6,550.0,3,multiple_bodies
Regirock,Rock,580,80,100,200,50,100,50,3,True,Brown,False,0.5533773291925466,Undiscovered,False,1.7,230.0,3,bipedal_tailless
Regice,Ice,580,80,50,100,100,200,50,3,True,Blue,False,0.5533773291925466,Undiscovered,False,1.8,175.0,3,bipedal_tailless
Registeel,Steel,580,80,75,150,75,150,50,3,True,Grey,False,0.5533773291925466,Undiscovered,False,1.91,205.0,3,bipedal_tailless
Latias,Dragon,600,80,80,90,110,130,110,3,True,Red,True,0.0,Undiscovered,True,1.4,40.0,3,two_wings
Latios,Dragon,600,80,90,80,130,110,110,3,True,Blue,True,1.0,Undiscovered,True,2.01,60.0,3,two_wings
Kyogre,Water,670,100,100,90,150,140,90,3,True,Blue,False,0.5533773291925466,Undiscovered,False,4.5,352.0,3,with_fins
Groudon,Ground,670,100,150,140,100,90,90,3,True,Red,False,0.5533773291925466,Undiscovered,False,3.51,950.0,3,bipedal_tailed
Rayquaza,Dragon,680,105,150,90,150,90,95,3,True,Green,False,0.5533773291925466,Undiscovered,True,7.01,206.5,45,serpentine_body
Jirachi,Steel,600,100,100,100,100,100,100,3,True,Yellow,False,0.5533773291925466,Undiscovered,False,0.3,1.1,3,bipedal_tailless
Deoxys,Psychic,600,50,150,50,150,50,150,3,True,Red,False,0.5533773291925466,Undiscovered,False,1.7,60.8,3,bipedal_tailless
Turtwig,Grass,318,55,68,64,45,55,31,4,False,Green,True,0.875,Monster,False,0.41,10.2,45,quadruped
Grotle,Grass,405,75,89,85,55,65,36,4,False,Green,True,0.875,Monster,False,1.09,97.0,45,quadruped
Torterra,Grass,525,95,109,105,75,85,56,4,False,Green,True,0.875,Monster,False,2.21,310.0,45,quadruped
Chimchar,Fire,309,44,58,44,58,44,61,4,False,Brown,True,0.875,Field,False,0.51,6.2,45,bipedal_tailed
Monferno,Fire,405,64,78,52,78,52,81,4,False,Brown,True,0.875,Field,False,0.89,22.0,45,bipedal_tailed
Infernape,Fire,534,76,104,71,104,71,108,4,False,Brown,True,0.875,Field,False,1.19,55.0,45,bipedal_tailed
Piplup,Water,314,53,51,53,61,56,40,4,False,Blue,True,0.875,Water_1,False,0.41,5.2,45,bipedal_tailless
Prinplup,Water,405,64,66,68,81,76,50,4,False,Blue,True,0.875,Water_1,False,0.79,23.0,45,bipedal_tailed
Empoleon,Water,530,84,86,88,111,101,60,4,False,Blue,True,0.875,Water_1,False,1.7,84.5,45,bipedal_tailed
Starly,Normal,245,40,55,30,30,30,60,4,False,Brown,True,0.5,Flying,False,0.3,2.0,255,two_wings
Staravia,Normal,340,55,75,50,40,40,80,4,False,Brown,True,0.5,Flying,False,0.61,15.5,120,two_wings
Staraptor,Normal,485,85,120,70,50,60,100,4,False,Brown,True,0.5,Flying,False,1.19,24.9,45,two_wings
Bidoof,Normal,250,59,45,40,35,40,31,4,False,Brown,True,0.5,Water_1,False,0.51,20.0,255,quadruped
Bibarel,Normal,410,79,85,60,55,60,71,4,False,Brown,True,0.5,Water_1,False,0.99,31.5,127,bipedal_tailed
Kricketot,Bug,194,37,25,41,25,41,25,4,False,Red,True,0.5,Bug,False,0.3,2.2,255,bipedal_tailless
Kricketune,Bug,384,77,85,51,55,51,65,4,False,Red,True,0.5,Bug,False,0.99,25.5,45,four_wings
Shinx,Electric,263,45,65,34,40,34,45,4,False,Blue,True,0.5,Field,False,0.51,9.5,235,quadruped
Luxio,Electric,363,60,85,49,60,49,60,4,False,Blue,True,0.5,Field,False,0.89,30.5,120,quadruped
Luxray,Electric,523,80,120,79,95,79,70,4,False,Blue,True,0.5,Field,False,1.4,42.0,45,quadruped
Budew,Grass,280,40,30,35,50,70,55,4,False,Green,True,0.5,Undiscovered,False,0.2,1.2,255,bipedal_tailless
Roserade,Grass,515,60,70,65,125,105,90,4,False,Green,True,0.5,Fairy,False,0.89,14.5,75,bipedal_tailless
Cranidos,Rock,350,67,125,40,30,30,58,4,False,Blue,True,0.875,Monster,False,0.89,31.5,45,bipedal_tailed
Rampardos,Rock,495,97,165,60,65,50,58,4,False,Blue,True,0.875,Monster,False,1.6,102.5,45,bipedal_tailed
Shieldon,Rock,350,30,42,118,42,88,30,4,False,Grey,True,0.875,Monster,False,0.51,57.0,45,quadruped
Bastiodon,Rock,495,60,52,168,47,138,30,4,False,Grey,True,0.875,Monster,False,1.3,149.5,45,quadruped
Burmy,Bug,224,40,29,45,29,45,36,4,False,Grey,True,0.5,Bug,False,0.2,3.4,120,head_base
Wormadam,Bug,424,60,59,85,79,105,36,4,False,Grey,True,0.0,Bug,False,0.51,6.5,45,head_base
Mothim,Bug,424,70,94,50,94,50,66,4,False,Yellow,True,1.0,Bug,False,0.89,23.3,45,four_wings
Combee,Bug,244,30,30,42,30,42,70,4,False,Yellow,True,0.875,Bug,False,0.3,5.5,120,multiple_bodies
Vespiquen,Bug,474,70,80,102,80,102,40,4,False,Yellow,True,0.0,Bug,False,1.19,38.5,45,four_wings
Pachirisu,Electric,405,60,45,70,45,90,95,4,False,White,True,0.5,Field,False,0.41,3.9,200,quadruped
Buizel,Water,330,55,65,35,60,30,85,4,False,Brown,True,0.5,Water_1,False,0.71,29.5,190,quadruped
Floatzel,Water,495,85,105,55,85,50,115,4,False,Brown,True,0.5,Water_1,False,1.09,33.5,75,quadruped
Cherubi,Grass,275,45,35,45,62,53,35,4,False,Pink,True,0.5,Fairy,False,0.41,3.3,190,multiple_bodies
Cherrim,Grass,450,70,60,70,87,78,85,4,False,Pink,True,0.5,Fairy,False,0.51,9.3,75,head_legs
Shellos,Water,325,76,48,48,57,62,34,4,False,Purple,True,0.5,Water_1,False,0.3,6.3,190,serpentine_body
Gastrodon,Water,475,111,83,68,92,82,39,4,False,Purple,True,0.5,Water_1,False,0.89,29.9,75,serpentine_body
Ambipom,Normal,482,75,100,66,60,66,115,4,False,Purple,True,0.5,Field,False,1.19,20.3,45,bipedal_tailed
Drifloon,Ghost,348,90,50,34,60,44,70,4,False,Purple,True,0.5,Amorphous,False,0.41,1.2,125,head_arms
Drifblim,Ghost,498,150,80,44,90,54,80,4,False,Purple,True,0.5,Amorphous,False,1.19,15.0,60,head_arms
Buneary,Normal,350,55,66,44,44,56,85,4,False,Brown,True,0.5,Field,False,0.41,5.5,190,bipedal_tailed
Lopunny,Normal,480,65,76,84,54,96,105,4,False,Brown,True,0.5,Field,True,1.19,33.3,60,bipedal_tailed
Mismagius,Ghost,495,60,60,60,105,105,105,4,False,Purple,True,0.5,Amorphous,False,0.89,4.4,45,head_only
Honchkrow,Dark,505,100,125,52,105,52,71,4,False,Black,True,0.5,Flying,False,0.89,27.3,30,two_wings
Glameow,Normal,310,49,55,42,42,37,85,4,False,Grey,True,0.25,Field,False,0.51,3.9,190,quadruped
Purugly,Normal,452,71,82,64,64,59,112,4,False,Grey,True,0.25,Field,False,0.99,43.8,75,quadruped
Chingling,Psychic,285,45,30,50,65,50,45,4,False,Yellow,True,0.5,Undiscovered,False,0.2,0.6,120,bipedal_tailless
Stunky,Poison,329,63,63,47,41,41,74,4,False,Purple,True,0.5,Field,False,0.41,19.2,225,quadruped
Skuntank,Poison,479,103,93,67,71,61,84,4,False,Purple,True,0.5,Field,False,0.99,38.0,60,quadruped
Bronzor,Steel,300,57,24,86,24,86,23,4,False,Green,False,0.5533773291925466,Mineral,False,0.51,60.5,255,head_only
Bronzong,Steel,500,67,89,116,79,116,33,4,False,Green,False,0.5533773291925466,Mineral,False,1.3,187.0,90,head_arms
Bonsly,Rock,290,50,80,95,10,45,10,4,False,Brown,True,0.5,Undiscovered,False,0.51,15.0,255,head_legs
Mime_Jr.,Psychic,310,20,25,45,70,90,60,4,False,Pink,True,0.5,Undiscovered,False,0.61,13.0,145,bipedal_tailless
Happiny,Normal,220,100,5,5,15,65,30,4,False,Pink,True,0.0,Undiscovered,False,0.61,24.4,130,bipedal_tailless
Chatot,Normal,411,76,65,45,92,42,91,4,False,Black,True,0.5,Flying,False,0.51,1.9,30,two_wings
Spiritomb,Ghost,485,50,92,108,92,108,35,4,False,Purple,True,0.5,Amorphous,False,0.99,108.0,100,head_base
Gible,Dragon,300,58,70,45,40,45,42,4,False,Blue,True,0.5,Monster,False,0.71,20.5,45,bipedal_tailed
Gabite,Dragon,410,68,90,65,50,55,82,4,False,Blue,True,0.5,Monster,False,1.4,56.0,45,bipedal_tailed
Garchomp,Dragon,600,108,130,95,80,85,102,4,False,Blue,True,0.5,Monster,True,1.91,95.0,45,bipedal_tailed
Munchlax,Normal,390,135,85,40,40,85,5,4,False,Black,True,0.875,Undiscovered,False,0.61,105.0,50,bipedal_tailless
Riolu,Fighting,285,40,70,40,35,40,60,4,False,Blue,True,0.875,Undiscovered,False,0.71,20.2,75,bipedal_tailed
Lucario,Fighting,525,70,110,70,115,70,90,4,False,Blue,True,0.875,Field,True,1.19,54.0,45,bipedal_tailed
Hippopotas,Ground,330,68,72,78,38,42,32,4,False,Brown,True,0.5,Field,False,0.79,49.5,140,quadruped
Hippowdon,Ground,525,108,112,118,68,72,47,4,False,Brown,True,0.5,Field,False,2.01,300.0,60,quadruped
Skorupi,Poison,330,40,50,90,30,55,65,4,False,Purple,True,0.5,Bug,False,0.79,12.0,120,insectoid
Drapion,Poison,500,70,90,110,60,75,95,4,False,Purple,True,0.5,Bug,False,1.3,61.5,45,insectoid
Croagunk,Poison,300,48,61,40,61,40,50,4,False,Blue,True,0.5,Human-Like,False,0.71,23.0,140,bipedal_tailless
Toxicroak,Poison,490,83,106,65,86,65,85,4,False,Blue,True,0.5,Human-Like,False,1.3,44.4,75,bipedal_tailless
Carnivine,Grass,454,74,100,72,90,72,46,4,False,Green,True,0.5,Grass,False,1.4,27.0,200,several_limbs
Finneon,Water,330,49,49,56,49,61,66,4,False,Blue,True,0.5,Water_2,False,0.41,7.0,190,with_fins
Lumineon,Water,460,69,69,76,69,86,91,4,False,Blue,True,0.5,Water_2,False,1.19,24.0,75,with_fins
Mantyke,Water,345,45,20,50,60,120,50,4,False,Blue,True,0.5,Undiscovered,False,0.99,65.0,25,two_wings
Snover,Grass,334,60,62,50,62,60,40,4,False,White,True,0.5,Monster,False,0.99,50.5,120,bipedal_tailed
Abomasnow,Grass,494,90,92,75,92,85,60,4,False,White,True,0.5,Monster,True,2.21,135.5,60,bipedal_tailed
Weavile,Dark,510,70,120,65,45,85,125,4,False,Black,True,0.5,Field,False,1.09,34.0,45,bipedal_tailed
Magnezone,Electric,535,70,70,115,130,90,60,4,False,Grey,False,0.5533773291925466,Mineral,False,1.19,180.0,30,head_arms
Lickilicky,Normal,515,110,85,95,80,95,50,4,False,Pink,True,0.5,Monster,False,1.7,140.0,30,bipedal_tailless
Rhyperior,Ground,535,115,140,130,55,55,40,4,False,Grey,True,0.5,Monster,False,2.39,282.8,30,bipedal_tailed
Tangrowth,Grass,535,100,100,125,110,50,50,4,False,Blue,True,0.5,Grass,False,2.01,128.6,30,bipedal_tailless
Electivire,Electric,540,75,123,67,95,85,95,4,False,Yellow,True,0.75,Human-Like,False,1.8,138.6,30,bipedal_tailed
Magmortar,Fire,540,75,95,67,125,95,83,4,False,Red,True,0.75,Human-Like,False,1.6,68.0,30,bipedal_tailed
Togekiss,Fairy,545,85,50,95,120,115,80,4,False,White,True,0.875,Flying,False,1.5,38.0,30,two_wings
Yanmega,Bug,515,86,76,86,116,56,95,4,False,Green,True,0.5,Bug,False,1.91,51.5,30,four_wings
Leafeon,Grass,525,65,110,130,60,65,95,4,False,Green,True,0.875,Field,False,0.99,25.5,45,quadruped
Glaceon,Ice,525,65,60,110,130,95,65,4,False,Blue,True,0.875,Field,False,0.79,25.9,45,quadruped
Gliscor,Ground,510,75,95,125,45,75,95,4,False,Purple,True,0.5,Bug,False,2.01,42.5,30,two_wings
Mamoswine,Ice,530,110,130,80,70,60,80,4,False,Brown,True,0.5,Field,False,2.49,291.0,50,quadruped
Porygon-Z,Normal,535,85,80,70,135,75,90,4,False,Red,False,0.5533773291925466,Mineral,False,0.89,34.0,30,head_arms
Gallade,Psychic,518,68,125,65,65,115,80,4,False,White,True,1.0,Amorphous,True,1.6,52.0,45,bipedal_tailless
Probopass,Rock,525,60,55,145,75,150,40,4,False,Grey,True,0.5,Mineral,False,1.4,340.0,60,multiple_bodies
Dusknoir,Ghost,525,45,100,135,65,135,45,4,False,Black,True,0.5,Amorphous,False,2.21,106.6,45,head_arms
Froslass,Ice,480,70,80,70,80,70,110,4,False,White,True,0.0,Fairy,False,1.3,26.6,75,head_arms
Rotom,Electric,440,50,50,77,95,77,91,4,False,Red,False,0.5533773291925466,Amorphous,False,0.3,0.3,45,head_only
Uxie,Psychic,580,75,75,130,75,130,95,4,True,Yellow,False,0.5533773291925466,Undiscovered,False,0.3,0.3,3,bipedal_tailed
Mesprit,Psychic,580,80,105,105,105,105,80,4,True,Pink,False,0.5533773291925466,Undiscovered,False,0.3,0.3,3,bipedal_tailed
Azelf,Psychic,580,75,125,70,125,70,115,4,True,Blue,False,0.5533773291925466,Undiscovered,False,0.3,0.3,3,bipedal_tailed
Dialga,Steel,680,100,120,120,150,100,90,4,True,White,False,0.5533773291925466,Undiscovered,False,5.41,683.0,3,quadruped
Palkia,Water,680,90,120,100,150,120,100,4,True,Purple,False,0.5533773291925466,Undiscovered,False,4.19,336.0,3,bipedal_tailed
Heatran,Fire,600,91,90,106,130,106,77,4,True,Brown,True,0.5,Undiscovered,False,1.7,430.0,3,quadruped
Regigigas,Normal,670,110,160,110,80,110,100,4,True,White,False,0.5533773291925466,Undiscovered,False,3.71,420.0,3,bipedal_tailless
Giratina,Ghost,680,150,120,100,120,100,90,4,True,Black,False,0.5533773291925466,Undiscovered,False,6.91,650.0,3,serpentine_body
Cresselia,Psychic,600,120,70,120,75,130,85,4,False,Yellow,True,0.0,Undiscovered,False,1.5,85.6,3,serpentine_body
Phione,Water,480,80,80,80,80,80,80,4,False,Blue,False,0.5533773291925466,Water_1,False,0.41,3.1,30,head_arms
Manaphy,Water,600,100,100,100,100,100,100,4,False,Blue,False,0.5533773291925466,Water_1,False,0.3,1.4,3,bipedal_tailless
Darkrai,Dark,600,70,90,90,135,90,125,4,True,Black,False,0.5533773291925466,Undiscovered,False,1.5,50.5,3,bipedal_tailless
Shaymin,Grass,600,100,100,100,100,100,100,4,True,Green,False,0.5533773291925466,Undiscovered,False,0.2,2.1,45,quadruped
Arceus,Normal,720,120,120,120,120,120,120,4,True,Grey,False,0.5533773291925466,Undiscovered,False,3.2,320.0,3,quadruped
Victini,Psychic,600,100,100,100,100,100,100,5,True,Yellow,False,0.5533773291925466,Undiscovered,False,0.41,4.0,3,bipedal_tailless
Snivy,Grass,308,45,45,55,45,55,63,5,False,Green,True,0.875,Field,False,0.61,8.1,45,bipedal_tailed
Servine,Grass,413,60,60,75,60,75,83,5,False,Green,True,0.875,Field,False,0.79,16.0,45,bipedal_tailed
Serperior,Grass,528,75,75,95,75,95,113,5,False,Green,True,0.875,Field,False,3.3,63.0,45,serpentine_body
Tepig,Fire,308,65,63,45,45,45,45,5,False,Red,True,0.875,Field,False,0.51,9.9,45,quadruped
Pignite,Fire,418,90,93,55,70,55,55,5,False,Red,True,0.875,Field,False,0.99,55.5,45,bipedal_tailed
Emboar,Fire,528,110,123,65,100,65,65,5,False,Red,True,0.875,Field,False,1.6,150.0,45,bipedal_tailed
Oshawott,Water,308,55,55,45,63,45,45,5,False,Blue,True,0.875,Field,False,0.51,5.9,45,bipedal_tailed
Dewott,Water,413,75,75,60,83,60,60,5,False,Blue,True,0.875,Field,False,0.79,24.5,45,bipedal_tailed
Samurott,Water,528,95,100,85,108,70,70,5,False,Blue,True,0.875,Field,False,1.5,94.6,45,quadruped
Patrat,Normal,255,45,55,39,35,39,42,5,False,Brown,True,0.5,Field,False,0.51,11.6,255,quadruped
Watchog,Normal,420,60,85,69,60,69,77,5,False,Brown,True,0.5,Field,False,1.09,27.0,255,bipedal_tailed
Lillipup,Normal,275,45,60,45,25,45,55,5,False,Brown,True,0.5,Field,False,0.41,4.1,255,quadruped
Herdier,Normal,370,65,80,65,35,65,60,5,False,Grey,True,0.5,Field,False,0.89,14.7,120,quadruped
Stoutland,Normal,500,85,110,90,45,90,80,5,False,Grey,True,0.5,Field,False,1.19,61.0,45,quadruped
Purrloin,Dark,281,41,50,37,50,37,66,5,False,Purple,True,0.5,Field,False,0.41,10.1,255,quadruped
Liepard,Dark,446,64,88,50,88,50,106,5,False,Purple,True,0.5,Field,False,1.09,37.5,90,quadruped
Pansage,Grass,316,50,53,48,53,48,64,5,False,Green,True,0.875,Field,False,0.61,10.5,190,bipedal_tailed
Simisage,Grass,498,75,98,63,98,63,101,5,False,Green,True,0.875,Field,False,1.09,30.5,75,bipedal_tailed
Pansear,Fire,316,50,53,48,53,48,64,5,False,Red,True,0.875,Field,False,0.61,11.0,190,bipedal_tailed
Simisear,Fire,498,75,98,63,98,63,101,5,False,Red,True,0.875,Field,False,0.99,28.0,75,bipedal_tailed
Panpour,Water,316,50,53,48,53,48,64,5,False,Blue,True,0.875,Field,False,0.61,13.5,190,bipedal_tailed
Simipour,Water,498,75,98,63,98,63,101,5,False,Blue,True,0.875,Field,False,0.99,29.0,75,bipedal_tailed
Munna,Psychic,292,76,25,45,67,55,24,5,False,Pink,True,0.5,Field,False,0.61,23.3,190,quadruped
Musharna,Psychic,487,116,55,85,107,95,29,5,False,Pink,True,0.5,Field,False,1.09,60.5,75,bipedal_tailless
Pidove,Normal,264,50,55,50,36,30,43,5,False,Grey,True,0.5,Flying,False,0.3,2.1,255,two_wings
Tranquill,Normal,358,62,77,62,50,42,65,5,False,Grey,True,0.5,Flying,False,0.61,15.0,120,two_wings
Unfezant,Normal,488,80,115,80,65,55,93,5,False,Grey,True,0.5,Flying,False,1.19,29.0,45,two_wings
Blitzle,Electric,295,45,60,32,50,32,76,5,False,Black,True,0.5,Field,False,0.79,29.8,190,quadruped
Zebstrika,Electric,497,75,100,63,80,63,116,5,False,Black,True,0.5,Field,False,1.6,79.5,75,quadruped
Roggenrola,Rock,280,55,75,85,25,25,15,5,False,Blue,True,0.5,Mineral,False,0.41,18.0,255,head_legs
Boldore,Rock,390,70,105,105,50,40,20,5,False,Blue,True,0.5,Mineral,False,0.89,102.0,120,several_limbs
Gigalith,Rock,515,85,135,130,60,80,25,5,False,Blue,True,0.5,Mineral,False,1.7,260.0,45,several_limbs
Woobat,Psychic,313,55,45,43,55,43,72,5,False,Blue,True,0.5,Field,False,0.41,2.1,190,two_wings
Swoobat,Psychic,425,67,57,55,77,55,114,5,False,Blue,True,0.5,Field,False,0.89,10.5,45,two_wings
Drilbur,Ground,328,60,85,40,30,45,68,5,False,Grey,True,0.5,Field,False,0.3,8.5,120,bipedal_tailed
Excadrill,Ground,508,110,135,60,50,65,88,5,False,Grey,True,0.5,Field,False,0.71,40.4,60,bipedal_tailless
Audino,Normal,445,103,60,86,60,86,50,5,False,Pink,True,0.5,Fairy,True,1.09,31.0,255,bipedal_tailed
Timburr,Fighting,305,75,80,55,25,35,35,5,False,Grey,True,0.75,Human-Like,False,0.61,12.5,180,bipedal_tailless
Gurdurr,Fighting,405,85,105,85,40,50,40,5,False,Grey,True,0.75,Human-Like,False,1.19,40.0,90,bipedal_tailless
Conkeldurr,Fighting,505,105,140,95,55,65,45,5,False,Grey,True,0.75,Human-Like,False,1.4,87.0,45,bipedal_tailless
Tympole,Water,294,50,50,40,50,40,64,5,False,Blue,True,0.5,Water_1,False,0.51,4.5,255,with_fins
Palpitoad,Water,384,75,65,55,65,55,69,5,False,Blue,True,0.5,Water_1,False,0.79,17.0,120,bipedal_tailed
Seismitoad,Water,509,105,95,75,85,75,74,5,False,Blue,True,0.5,Water_1,False,1.5,62.0,45,bipedal_tailless
Throh,Fighting,465,120,100,85,30,85,45,5,False,Red,True,1.0,Human-Like,False,1.3,55.5,45,bipedal_tailless
Sawk,Fighting,465,75,125,75,30,75,85,5,False,Blue,True,1.0,Human-Like,False,1.4,51.0,45,bipedal_tailless
Sewaddle,Bug,310,45,53,70,40,60,42,5,False,Yellow,True,0.5,Bug,False,0.3,2.5,255,insectoid
Swadloon,Bug,380,55,63,90,50,80,42,5,False,Green,True,0.5,Bug,False,0.51,7.3,120,head_arms
Leavanny,Bug,500,75,103,80,70,80,92,5,False,Yellow,True,0.5,Bug,False,1.19,20.5,45,bipedal_tailless
Venipede,Bug,260,30,45,59,30,39,57,5,False,Red,True,0.5,Bug,False,0.41,5.3,255,insectoid
Whirlipede,Bug,360,40,55,99,40,79,47,5,False,Grey,True,0.5,Bug,False,1.19,58.5,120,head_only
Scolipede,Bug,485,60,100,89,55,69,112,5,False,Red,True,0.5,Bug,False,2.49,200.5,45,insectoid
Cottonee,Grass,280,40,27,60,37,50,66,5,False,Green,True,0.5,Grass,False,0.3,0.6,190,head_only
Whimsicott,Grass,480,60,67,85,77,75,116,5,False,Green,True,0.5,Grass,False,0.71,6.6,75,bipedal_tailless
Petilil,Grass,280,45,35,50,70,50,30,5,False,Green,True,0.0,Grass,False,0.51,6.6,190,head_base
Lilligant,Grass,480,70,60,75,110,75,90,5,False,Green,True,0.0,Grass,False,1.09,16.3,75,head_base
Basculin,Water,460,70,92,65,80,55,98,5,False,Green,True,0.5,Water_2,False,0.99,18.0,25,with_fins
Sandile,Ground,292,50,72,35,35,35,65,5,False,Brown,True,0.5,Field,False,0.71,15.2,180,quadruped
Krokorok,Ground,351,60,82,45,45,45,74,5,False,Brown,True,0.5,Field,False,0.99,33.4,90,quadruped
Krookodile,Ground,519,95,117,80,65,70,92,5,False,Red,True,0.5,Field,False,1.5,96.3,45,bipedal_tailed
Darumaka,Fire,315,70,90,45,15,45,50,5,False,Red,True,0.5,Field,False,0.61,37.5,120,bipedal_tailless
Darmanitan,Fire,480,105,140,55,30,55,95,5,False,Red,True,0.5,Field,False,1.3,92.9,60,quadruped
Maractus,Grass,461,75,86,67,106,67,60,5,False,Green,True,0.5,Grass,False,0.99,28.0,255,head_base
Dwebble,Bug,325,50,65,85,35,35,55,5,False,Red,True,0.5,Bug,False,0.3,14.5,190,insectoid
Crustle,Bug,475,70,95,125,65,75,45,5,False,Red,True,0.5,Bug,False,1.4,200.0,75,insectoid
Scraggy,Dark,348,50,75,70,35,70,48,5,False,Yellow,True,0.5,Field,False,0.61,11.8,180,bipedal_tailed
Scrafty,Dark,488,65,90,115,45,115,58,5,False,Red,True,0.5,Field,False,1.09,30.0,90,bipedal_tailed
Sigilyph,Psychic,490,72,58,80,103,80,97,5,False,Black,True,0.5,Flying,False,1.4,14.0,45,two_wings
Yamask,Ghost,303,38,30,85,55,65,30,5,False,Black,True,0.5,Mineral,False,0.51,1.5,190,head_arms
Cofagrigus,Ghost,483,58,50,145,95,105,30,5,False,Yellow,True,0.5,Mineral,False,1.7,76.5,90,head_base
Tirtouga,Water,355,54,78,103,53,45,22,5,False,Blue,True,0.875,Water_1,False,0.71,16.5,45,quadruped
Carracosta,Water,495,74,108,133,83,65,32,5,False,Blue,True,0.875,Water_1,False,1.19,81.0,45,bipedal_tailed
Archen,Rock,401,55,112,45,74,45,70,5,False,Yellow,True,0.875,Flying,False,0.51,9.5,45,two_wings
Archeops,Rock,567,75,140,65,112,65,110,5,False,Yellow,True,0.875,Flying,False,1.4,32.0,45,two_wings
Trubbish,Poison,329,50,50,62,40,62,65,5,False,Green,True,0.5,Mineral,False,0.61,31.0,190,bipedal_tailless
Garbodor,Poison,474,80,95,82,60,82,75,5,False,Green,True,0.5,Mineral,False,1.91,107.3,60,bipedal_tailless
Zorua,Dark,330,40,65,40,80,40,65,5,False,Grey,True,0.875,Field,False,0.71,12.5,75,quadruped
Zoroark,Dark,510,60,105,60,120,60,105,5,False,Grey,True,0.875,Field,False,1.6,81.1,45,bipedal_tailed
Minccino,Normal,300,55,50,40,40,40,75,5,False,Grey,True,0.25,Field,False,0.41,5.8,255,quadruped
Cinccino,Normal,470,75,95,60,65,60,115,5,False,Grey,True,0.25,Field,False,0.51,7.5,60,quadruped
Gothita,Psychic,290,45,30,50,55,65,45,5,False,Purple,True,0.25,Human-Like,False,0.41,5.8,200,bipedal_tailless
Gothorita,Psychic,390,60,45,70,75,85,55,5,False,Purple,True,0.25,Human-Like,False,0.71,18.0,100,bipedal_tailless
Gothitelle,Psychic,490,70,55,95,95,110,65,5,False,Purple,True,0.25,Human-Like,False,1.5,44.0,50,bipedal_tailless
Solosis,Psychic,290,45,30,40,105,50,20,5,False,Green,True,0.5,Amorphous,False,0.3,1.0,200,head_only
Duosion,Psychic,370,65,40,50,125,60,30,5,False,Green,True,0.5,Amorphous,False,0.61,8.0,100,head_only
Reuniclus,Psychic,490,110,65,75,125,85,30,5,False,Green,True,0.5,Amorphous,False,0.99,20.1,50,head_arms
Ducklett,Water,305,62,44,50,44,50,55,5,False,Blue,True,0.5,Water_1,False,0.51,5.5,190,two_wings
Swanna,Water,473,75,87,63,87,63,98,5,False,White,True,0.5,Water_1,False,1.3,24.2,45,two_wings
Vanillite,Ice,305,36,50,50,65,60,44,5,False,White,True,0.5,Mineral,False,0.41,5.7,255,head_base
Vanillish,Ice,395,51,65,65,80,75,59,5,False,White,True,0.5,Mineral,False,1.09,41.0,120,head_base
Vanilluxe,Ice,535,71,95,85,110,95,79,5,False,White,True,0.5,Mineral,False,1.3,57.5,45,multiple_bodies
Deerling,Normal,335,60,60,50,40,50,75,5,False,Yellow,True,0.5,Field,False,0.61,19.5,190,quadruped
Sawsbuck,Normal,475,80,100,70,60,70,95,5,False,Brown,True,0.5,Field,False,1.91,92.5,75,quadruped
Emolga,Electric,428,55,75,60,75,60,103,5,False,White,True,0.5,Field,False,0.41,5.0,200,quadruped
Karrablast,Bug,315,50,75,45,40,45,60,5,False,Blue,True,0.5,Bug,False,0.51,5.9,200,bipedal_tailless
Escavalier,Bug,495,70,135,105,60,105,20,5,False,Grey,True,0.5,Bug,False,0.99,33.0,75,head_arms
Foongus,Grass,294,69,55,45,55,55,15,5,False,White,True,0.5,Grass,False,0.2,1.0,190,head_arms
Amoonguss,Grass,464,114,85,70,85,80,30,5,False,Grey,True,0.5,Grass,False,0.61,10.5,75,head_arms
Frillish,Water,335,55,40,50,65,85,40,5,False,White,True,0.5,Amorphous,False,1.19,33.0,190,several_limbs
Jellicent,Water,480,100,60,70,85,105,60,5,False,White,True,0.5,Amorphous,False,2.21,135.0,60,several_limbs
Alomomola,Water,470,165,75,80,40,45,65,5,False,Pink,True,0.5,Water_1,False,1.19,31.6,75,with_fins
Joltik,Bug,319,50,47,50,57,50,65,5,False,Yellow,True,0.5,Bug,False,0.1,0.6,190,insectoid
Galvantula,Bug,472,70,77,60,97,60,108,5,False,Yellow,True,0.5,Bug,False,0.79,14.3,75,insectoid
Ferroseed,Grass,305,44,50,91,24,86,10,5,False,Grey,True,0.5,Grass,False,0.61,18.8,255,head_only
Ferrothorn,Grass,489,74,94,131,54,116,20,5,False,Grey,True,0.5,Grass,False,0.99,110.0,90,several_limbs
Klink,Steel,300,40,55,70,45,60,30,5,False,Grey,False,0.5533773291925466,Mineral,False,0.3,21.0,130,multiple_bodies
Klang,Steel,440,60,80,95,70,85,50,5,False,Grey,False,0.5533773291925466,Mineral,False,0.61,51.0,60,multiple_bodies
Klinklang,Steel,520,60,100,115,70,85,90,5,False,Grey,False,0.5533773291925466,Mineral,False,0.61,81.0,30,multiple_bodies
Tynamo,Electric,275,35,55,40,45,40,60,5,False,White,True,0.5,Amorphous,False,0.2,0.3,190,with_fins
Eelektrik,Electric,405,65,85,70,75,70,40,5,False,Blue,True,0.5,Amorphous,False,1.19,22.0,60,with_fins
Eelektross,Electric,515,85,115,80,105,80,50,5,False,Blue,True,0.5,Amorphous,False,2.11,80.5,30,with_fins
Elgyem,Psychic,335,55,55,55,85,55,30,5,False,Grey,True,0.5,Human-Like,False,0.51,9.0,255,bipedal_tailed
Beheeyem,Psychic,485,75,75,75,125,95,40,5,False,Brown,True,0.5,Human-Like,False,0.99,34.5,90,bipedal_tailless
Litwick,Ghost,275,50,30,55,65,55,20,5,False,White,True,0.5,Amorphous,False,0.3,3.1,190,head_base
Lampent,Ghost,370,60,40,60,95,60,55,5,False,Black,True,0.5,Amorphous,False,0.61,13.0,90,head_arms
Chandelure,Ghost,520,60,55,90,145,90,80,5,False,Black,True,0.5,Amorphous,False,0.99,34.3,45,head_arms
Axew,Dragon,320,46,87,60,30,40,57,5,False,Green,True,0.5,Monster,False,0.61,18.0,75,bipedal_tailed
Fraxure,Dragon,410,66,117,70,40,50,67,5,False,Green,True,0.5,Monster,False,0.99,36.0,60,bipedal_tailed
Haxorus,Dragon,540,76,147,90,60,70,97,5,False,Yellow,True,0.5,Monster,False,1.8,105.5,45,bipedal_tailed
Cubchoo,Ice,305,55,70,40,60,40,40,5,False,Blue,True,0.5,Field,False,0.51,8.5,120,bipedal_tailed
Beartic,Ice,485,95,110,80,70,80,50,5,False,White,True,0.5,Field,False,2.59,260.0,60,quadruped
Cryogonal,Ice,485,70,50,30,95,135,105,5,False,Blue,False,0.5533773291925466,Mineral,False,1.09,148.0,25,head_only
Shelmet,Bug,305,50,40,85,40,65,25,5,False,Red,True,0.5,Bug,False,0.41,7.7,200,head_only
Accelgor,Bug,495,80,70,40,100,60,145,5,False,Red,True,0.5,Bug,False,0.79,25.3,75,head_arms
Stunfisk,Ground,471,109,66,84,81,99,32,5,False,Brown,True,0.5,Water_1,False,0.71,11.0,75,with_fins
Mienfoo,Fighting,350,45,85,50,55,50,65,5,False,Yellow,True,0.5,Field,False,0.89,20.0,180,bipedal_tailed
Mienshao,Fighting,510,65,125,60,95,60,105,5,False,Purple,True,0.5,Field,False,1.4,35.5,45,bipedal_tailed
Druddigon,Dragon,485,77,120,90,60,90,48,5,False,Red,True,0.5,Dragon,False,1.6,139.0,45,bipedal_tailed
Golett,Ground,303,59,74,50,35,50,35,5,False,Green,False,0.5533773291925466,Mineral,False,0.99,92.0,190,bipedal_tailless
Golurk,Ground,483,89,124,80,55,80,55,5,False,Green,False,0.5533773291925466,Mineral,False,2.79,330.0,90,bipedal_tailless
Pawniard,Dark,340,45,85,70,40,40,60,5,False,Red,True,0.5,Human-Like,False,0.51,10.2,120,bipedal_tailless
Bisharp,Dark,490,65,125,100,60,70,70,5,False,Red,True,0.5,Human-Like,False,1.6,70.0,45,bipedal_tailless
Bouffalant,Normal,490,95,110,95,40,95,55,5,False,Brown,True,0.5,Field,False,1.6,94.6,45,quadruped
Rufflet,Normal,350,70,83,50,37,50,60,5,False,White,True,1.0,Flying,False,0.51,10.5,190,two_wings
Braviary,Normal,510,100,123,75,57,75,80,5,False,Red,True,1.0,Flying,False,1.5,41.0,60,two_wings
Vullaby,Dark,370,70,55,75,45,65,60,5,False,Brown,True,0.0,Flying,False,0.51,9.0,190,two_wings
Mandibuzz,Dark,510,110,65,105,55,95,80,5,False,Brown,True,0.0,Flying,False,1.19,39.5,60,two_wings
Heatmor,Fire,484,85,97,66,105,66,65,5,False,Red,True,0.5,Field,False,1.4,58.0,90,bipedal_tailed
Durant,Bug,484,58,109,112,48,48,109,5,False,Grey,True,0.5,Bug,False,0.3,33.0,90,insectoid
Deino,Dark,300,52,65,50,45,50,38,5,False,Blue,True,0.5,Dragon,False,0.79,17.3,45,quadruped
Zweilous,Dark,420,72,85,70,65,70,58,5,False,Blue,True,0.5,Dragon,False,1.4,50.0,45,quadruped
Hydreigon,Dark,600,92,105,90,125,90,98,5,False,Blue,True,0.5,Dragon,False,1.8,160.0,45,bipedal_tailed
Larvesta,Bug,360,55,85,55,50,55,60,5,False,White,True,0.5,Bug,False,1.09,28.8,45,insectoid
Volcarona,Bug,550,85,60,65,135,105,100,5,False,White,True,0.5,Bug,False,1.6,46.0,15,four_wings
Cobalion,Steel,580,91,90,129,90,72,108,5,True,Blue,False,0.5533773291925466,Undiscovered,False,2.11,250.0,3,quadruped
Terrakion,Rock,580,91,129,90,72,90,108,5,True,Grey,False,0.5533773291925466,Undiscovered,False,1.91,260.0,3,quadruped
Virizion,Grass,580,91,90,72,90,129,108,5,True,Green,False,0.5533773291925466,Undiscovered,False,2.01,200.0,3,quadruped
Tornadus,Flying,580,79,115,70,125,80,111,5,True,Green,True,1.0,Undiscovered,False,1.5,63.0,3,head_arms
Thundurus,Electric,580,79,115,70,125,80,111,5,True,Blue,True,1.0,Undiscovered,False,1.5,61.0,3,head_arms
Reshiram,Dragon,680,100,120,100,150,120,90,5,True,White,False,0.5533773291925466,Undiscovered,False,3.2,330.0,3,two_wings
Zekrom,Dragon,680,100,150,120,120,100,90,5,True,Black,False,0.5533773291925466,Undiscovered,False,2.9,345.0,3,bipedal_tailed
Landorus,Ground,600,89,125,90,115,80,101,5,True,Brown,True,1.0,Undiscovered,False,1.5,68.0,3,head_arms
Kyurem,Dragon,660,125,130,90,130,90,95,5,True,Grey,False,0.5533773291925466,Undiscovered,False,3.0,325.0,3,bipedal_tailed
Keldeo,Water,580,91,72,90,129,90,108,5,False,Yellow,False,0.5533773291925466,Undiscovered,False,1.4,48.5,3,quadruped
Meloetta,Normal,600,100,77,77,128,128,90,5,False,White,False,0.5533773291925466,Undiscovered,False,0.61,6.5,3,bipedal_tailless
Genesect,Bug,600,71,120,95,120,95,99,5,False,Purple,False,0.5533773291925466,Undiscovered,False,1.5,82.5,3,bipedal_tailless
Chespin,Grass,313,56,61,65,48,45,38,6,False,Green,True,0.875,Field,False,0.41,9.0,45,bipedal_tailed
Quilladin,Grass,405,61,78,95,56,58,57,6,False,Green,True,0.875,Field,False,0.71,29.0,45,bipedal_tailed
Chesnaught,Grass,530,88,107,122,74,75,64,6,False,Green,True,0.875,Field,False,1.6,90.0,45,bipedal_tailed
Fennekin,Fire,307,40,45,40,62,60,60,6,False,Red,True,0.875,Field,False,0.41,9.4,45,quadruped
Braixen,Fire,409,59,59,58,90,70,73,6,False,Red,True,0.875,Field,False,0.99,14.5,45,bipedal_tailed
Delphox,Fire,534,75,69,72,114,100,104,6,False,Red,True,0.875,Field,False,1.5,39.0,45,bipedal_tailed
Froakie,Water,314,41,56,40,62,44,71,6,False,Blue,True,0.875,Water_1,False,0.3,7.0,45,quadruped
Frogadier,Water,405,54,63,52,83,56,97,6,False,Blue,True,0.875,Water_1,False,0.61,10.9,45,bipedal_tailless
Greninja,Water,530,72,95,67,103,71,122,6,False,Blue,True,0.875,Water_1,False,1.5,40.0,45,bipedal_tailless
Bunnelby,Normal,237,38,36,38,32,36,57,6,False,Brown,True,0.5,Field,False,0.41,5.0,255,bipedal_tailed
Diggersby,Normal,423,85,56,77,50,77,78,6,False,Brown,True,0.5,Field,False,0.99,42.4,127,bipedal_tailed
Fletchling,Normal,278,45,50,43,40,38,62,6,False,Red,True,0.5,Flying,False,0.3,1.7,255,two_wings
Fletchinder,Fire,382,62,73,55,56,52,84,6,False,Red,True,0.5,Flying,False,0.71,16.0,120,two_wings
Talonflame,Fire,499,78,81,71,74,69,126,6,False,Red,True,0.5,Flying,False,1.19,24.5,45,two_wings
Scatterbug,Bug,200,38,35,40,27,25,35,6,False,Black,True,0.5,Bug,False,0.3,2.5,255,insectoid
Spewpa,Bug,213,45,22,60,27,30,29,6,False,Black,True,0.5,Bug,False,0.3,8.4,120,head_base
Vivillon,Bug,411,80,52,50,90,50,89,6,False,Black,True,0.5,Bug,False,1.19,17.0,45,four_wings
Litleo,Fire,369,62,50,58,73,54,72,6,False,Brown,True,0.125,Field,False,0.61,13.5,220,quadruped
Pyroar,Fire,507,86,68,72,109,66,106,6,False,Brown,True,0.125,Field,False,1.5,81.5,65,quadruped
Flabébé,Fairy,303,44,38,39,61,79,42,6,False,White,True,0.0,Fairy,False,0.1,0.1,225,head_arms
Floette,Fairy,371,54,45,47,75,98,52,6,False,White,True,0.0,Fairy,False,0.2,0.9,120,head_arms
Florges,Fairy,552,78,65,68,112,154,75,6,False,White,True,0.0,Fairy,False,1.09,10.0,45,head_arms
Skiddo,Grass,350,66,65,48,62,57,52,6,False,Brown,True,0.5,Field,False,0.89,31.0,200,quadruped
Gogoat,Grass,531,123,100,62,97,81,68,6,False,Brown,True,0.5,Field,False,1.7,91.0,45,quadruped
Pancham,Fighting,348,67,82,62,46,48,43,6,False,White,True,0.5,Field,False,0.61,8.0,220,bipedal_tailed
Pangoro,Fighting,495,95,124,78,69,71,58,6,False,White,True,0.5,Field,False,2.11,136.0,65,bipedal_tailless
Furfrou,Normal,472,75,80,60,65,90,102,6,False,White,True,0.5,Field,False,1.19,28.0,160,quadruped
Espurr,Psychic,355,62,48,54,63,60,68,6,False,Grey,True,0.5,Field,False,0.3,3.5,190,bipedal_tailed
Meowstic,Psychic,466,74,48,76,83,81,104,6,False,White,True,0.5,Field,False,0.61,8.5,75,bipedal_tailed
Honedge,Steel,325,45,80,100,35,37,28,6,False,Brown,True,0.5,Mineral,False,0.79,2.0,180,head_base
Doublade,Steel,448,59,110,150,45,49,35,6,False,Brown,True,0.5,Mineral,False,0.84,4.5,90,multiple_bodies
Aegislash,Steel,520,60,50,150,50,150,60,6,False,Brown,True,0.5,Mineral,False,1.7,53.0,45,head_base
Spritzee,Fairy,341,78,52,60,63,65,23,6,False,Pink,True,0.5,Fairy,False,0.2,0.5,200,head_arms
Aromatisse,Fairy,462,101,72,72,99,89,29,6,False,Pink,True,0.5,Fairy,False,0.79,15.5,140,bipedal_tailless
Swirlix,Fairy,341,62,48,66,59,57,49,6,False,White,True,0.5,Fairy,False,0.41,3.5,200,head_legs
Slurpuff,Fairy,480,82,80,86,85,75,72,6,False,White,True,0.5,Fairy,False,0.79,5.0,140,bipedal_tailless
Inkay,Dark,288,53,54,53,37,46,45,6,False,Blue,True,0.5,Water_1,False,0.41,3.5,190,several_limbs
Malamar,Dark,482,86,92,88,68,75,73,6,False,Blue,True,0.5,Water_1,False,1.5,47.0,80,head_base
Binacle,Rock,306,42,52,67,39,56,50,6,False,Brown,True,0.5,Water_3,False,0.51,31.0,120,multiple_bodies
Barbaracle,Rock,500,72,105,115,54,86,68,6,False,Brown,True,0.5,Water_3,False,1.3,96.0,45,multiple_bodies
Skrelp,Poison,320,50,60,60,60,60,30,6,False,Brown,True,0.5,Water_1,False,0.51,7.3,225,head_base
Dragalge,Poison,494,65,75,90,97,123,44,6,False,Brown,True,0.5,Water_1,False,1.8,81.5,55,head_base
Clauncher,Water,330,50,53,62,58,63,44,6,False,Blue,True,0.5,Water_1,False,0.51,8.3,225,insectoid
Clawitzer,Water,500,71,73,88,120,89,59,6,False,Blue,True,0.5,Water_1,False,1.3,35.3,55,serpentine_body
Helioptile,Electric,289,44,38,33,61,43,70,6,False,Yellow,True,0.5,Monster,False,0.51,6.0,190,bipedal_tailed
Heliolisk,Electric,481,62,55,52,109,94,109,6,False,Yellow,True,0.5,Monster,False,0.99,21.0,75,bipedal_tailed
Tyrunt,Rock,362,58,89,77,45,45,48,6,False,Brown,True,0.875,Monster,False,0.79,26.0,45,bipedal_tailed
Tyrantrum,Rock,521,82,121,119,69,59,71,6,False,Red,True,0.875,Monster,False,2.49,270.0,45,bipedal_tailed
Amaura,Rock,362,77,59,50,67,63,46,6,False,Blue,True,0.875,Monster,False,1.3,25.2,45,quadruped
Aurorus,Rock,521,123,77,72,99,92,58,6,False,Blue,True,0.875,Monster,False,2.69,225.0,45,quadruped
Sylveon,Fairy,525,95,65,65,110,130,60,6,False,Pink,True,0.875,Field,False,0.99,23.5,45,quadruped
Hawlucha,Fighting,500,78,92,75,74,63,118,6,False,Green,True,0.5,Human-Like,False,0.79,21.5,100,bipedal_tailless
Dedenne,Electric,431,67,58,57,81,67,101,6,False,Yellow,True,0.5,Field,False,0.2,2.2,180,bipedal_tailed
Carbink,Rock,500,50,50,150,50,150,50,6,False,Grey,False,0.5533773291925466,Fairy,False,0.3,5.7,60,head_only
Goomy,Dragon,300,45,50,35,55,75,40,6,False,Purple,True,0.5,Dragon,False,0.3,2.8,45,serpentine_body
Sliggoo,Dragon,452,68,75,53,83,113,60,6,False,Purple,True,0.5,Dragon,False,0.79,17.5,45,serpentine_body
Goodra,Dragon,600,90,100,70,110,150,80,6,False,Purple,True,0.5,Dragon,False,2.01,150.5,45,bipedal_tailed
Klefki,Steel,470,57,80,91,80,87,75,6,False,Grey,True,0.5,Mineral,False,0.2,3.0,75,head_only
Phantump,Ghost,309,43,70,48,50,60,38,6,False,Brown,True,0.5,Grass,False,0.41,7.0,120,head_arms
Trevenant,Ghost,474,85,110,76,65,82,56,6,False,Brown,True,0.5,Grass,False,1.5,71.0,60,several_limbs
Pumpkaboo,Ghost,335,49,66,70,44,55,51,6,False,Brown,True,0.5,Amorphous,False,0.41,5.0,120,head_only
Gourgeist,Ghost,494,65,90,122,58,75,84,6,False,Brown,True,0.5,Amorphous,False,1.7,39.0,60,head_base
Bergmite,Ice,304,55,69,85,32,35,28,6,False,Blue,True,0.5,Monster,False,0.99,99.5,190,quadruped
Avalugg,Ice,514,95,117,184,44,46,28,6,False,Blue,True,0.5,Monster,False,2.01,505.0,55,quadruped
Noibat,Flying,245,40,30,35,45,40,55,6,False,Purple,True,0.5,Flying,False,0.51,8.0,190,two_wings
Noivern,Flying,535,85,70,80,97,80,123,6,False,Purple,True,0.5,Flying,False,1.5,85.0,45,two_wings
Xerneas,Fairy,680,126,131,95,131,98,99,6,True,Blue,False,0.5533773291925466,Undiscovered,False,3.0,215.0,45,quadruped
Yveltal,Dark,680,126,131,95,131,98,99,6,True,Red,False,0.5533773291925466,Undiscovered,False,5.79,203.0,45,two_wings
Zygarde,Dragon,600,108,100,121,81,95,95,6,True,Green,False,0.5533773291925466,Undiscovered,False,5.0,305.0,3,serpentine_body
Diancie,Rock,600,50,100,150,100,150,50,6,True,Pink,False,0.5533773291925466,Undiscovered,True,0.71,8.8,3,head_arms
Hoopa,Psychic,600,80,110,60,150,130,70,6,True,Purple,False,0.5533773291925466,Undiscovered,False,0.51,9.0,3,head_only
Volcanion,Fire,600,80,110,120,130,90,70,6,True,Brown,False,0.5533773291925466,Undiscovered,False,1.7,195.0,3,quadruped
