Name,base_happiness,capture_rate,forms_switchable,gender_rate,has_gender_differences,hatch_counter,is_baby,is_legendary,is_mythical,Type_1,Total,HP,Attack,Defense,Sp_Atk,Sp_Def,Speed,Generation,isLegendary,Color,hasGender,Pr_Male,Egg_Group_1,hasMegaEvolution,Height_m,Weight_kg,Catch_Rate,Body_Style,Counts
bulbasaur,50.0,45,0,1,0,20.0,0,0,0,Grass,318,45,49,49,65,65,45,1,0,Green,1,0.875,Monster,0,0.71,6.9,45,quadruped,19.0
ivysaur,50.0,45,0,1,0,20.0,0,0,0,Grass,405,60,62,63,80,80,60,1,0,Green,1,0.875,Monster,0,0.99,13.0,45,quadruped,1.0
venusaur,50.0,45,1,1,1,20.0,0,0,0,Grass,525,80,82,83,100,100,80,1,0,Green,1,0.875,Monster,1,2.01,100.0,45,quadruped,5.0
charmander,50.0,45,0,1,0,20.0,0,0,0,Fire,309,39,52,43,60,50,65,1,0,Red,1,0.875,Monster,0,0.61,8.5,45,bipedal_tailed,21.0
charmeleon,50.0,45,0,1,0,20.0,0,0,0,Fire,405,58,64,58,80,65,80,1,0,Red,1,0.875,Monster,0,1.09,19.0,45,bipedal_tailed,1.0
charizard,50.0,45,1,1,0,20.0,0,0,0,Fire,534,78,84,78,109,85,100,1,0,Red,1,0.875,Monster,1,1.7,90.5,45,bipedal_tailed,62.0
squirtle,50.0,45,0,1,0,20.0,0,0,0,Water,314,44,48,65,50,64,43,1,0,Blue,1,0.875,Monster,0,0.51,9.0,45,bipedal_tailed,18.0
wartortle,50.0,45,0,1,0,20.0,0,0,0,Water,405,59,63,80,65,80,58,1,0,Blue,1,0.875,Monster,0,0.99,22.5,45,bipedal_tailed,5.0
blastoise,50.0,45,1,1,0,20.0,0,0,0,Water,530,79,83,100,85,105,78,1,0,Blue,1,0.875,Monster,1,1.6,85.5,45,bipedal_tailed,3.0
caterpie,50.0,255,0,4,0,15.0,0,0,0,Bug,195,45,30,35,20,20,45,1,0,Green,1,0.5,Bug,0,0.3,2.9,255,insectoid,6.0
metapod,50.0,120,0,4,0,15.0,0,0,0,Bug,205,50,20,55,25,25,30,1,0,Green,1,0.5,Bug,0,0.71,9.9,120,serpentine_body,2.0
butterfree,50.0,45,0,4,1,15.0,0,0,0,Bug,395,60,45,50,90,80,70,1,0,White,1,0.5,Bug,0,1.09,32.0,45,four_wings,6.0
weedle,70.0,255,0,4,0,15.0,0,0,0,Bug,195,40,35,30,20,20,50,1,0,Brown,1,0.5,Bug,0,0.3,3.2,255,serpentine_body,9.0
kakuna,70.0,120,0,4,0,15.0,0,0,0,Bug,205,45,25,50,25,25,35,1,0,Yellow,1,0.5,Bug,0,0.61,10.0,120,serpentine_body,0.0
beedrill,70.0,45,1,4,0,15.0,0,0,0,Bug,395,65,90,40,45,80,75,1,0,Yellow,1,0.5,Bug,1,0.99,29.5,45,four_wings,4.0
pidgey,70.0,255,0,4,0,15.0,0,0,0,Normal,251,40,45,40,35,35,56,1,0,Brown,1,0.5,Flying,0,0.3,1.8,255,two_wings,8.0
pidgeotto,70.0,120,0,4,0,15.0,0,0,0,Normal,349,63,60,55,50,50,71,1,0,Brown,1,0.5,Flying,0,1.09,30.0,120,two_wings,1.0
pidgeot,70.0,45,1,4,0,15.0,0,0,0,Normal,479,83,80,75,70,70,101,1,0,Brown,1,0.5,Flying,1,1.5,39.5,45,two_wings,2.0
rattata,70.0,255,0,4,1,15.0,0,0,0,Normal,253,30,56,35,25,35,72,1,0,Purple,1,0.5,Field,0,0.3,3.5,255,quadruped,0.0
raticate,70.0,127,0,4,1,15.0,0,0,0,Normal,413,55,81,60,50,70,97,1,0,Brown,1,0.5,Field,0,0.71,18.5,127,quadruped,0.0
spearow,70.0,255,0,4,0,15.0,0,0,0,Normal,262,40,60,30,31,31,70,1,0,Brown,1,0.5,Flying,0,0.3,2.0,255,two_wings,9.0
fearow,70.0,90,0,4,0,15.0,0,0,0,Normal,442,65,90,65,61,61,100,1,0,Brown,1,0.5,Flying,0,1.19,38.0,90,two_wings,3.0
ekans,70.0,255,0,4,0,20.0,0,0,0,Poison,288,35,60,44,40,54,55,1,0,Purple,1,0.5,Field,0,2.01,6.9,255,serpentine_body,0.0
arbok,70.0,90,0,4,0,20.0,0,0,0,Poison,438,60,85,69,65,79,80,1,0,Purple,1,0.5,Field,0,3.51,65.0,90,serpentine_body,5.0
pikachu,50.0,190,0,4,1,10.0,0,0,0,Electric,320,35,55,40,50,50,90,1,0,Yellow,1,0.5,Field,0,0.41,6.0,190,quadruped,188.0
raichu,50.0,75,0,4,1,10.0,0,0,0,Electric,485,60,90,55,90,80,110,1,0,Yellow,1,0.5,Field,0,0.79,30.0,75,bipedal_tailed,23.0
sandshrew,50.0,255,0,4,0,20.0,0,0,0,Ground,300,50,75,85,20,30,40,1,0,Yellow,1,0.5,Field,0,0.61,12.0,255,bipedal_tailed,0.0
sandslash,50.0,90,0,4,0,20.0,0,0,0,Ground,450,75,100,110,45,55,65,1,0,Yellow,1,0.5,Field,0,0.99,29.5,90,bipedal_tailed,4.0
nidorina,50.0,120,0,8,0,20.0,0,0,0,Poison,365,70,62,67,55,55,56,1,0,Blue,1,0.0,Undiscovered,0,0.79,20.0,120,quadruped,0.0
nidoqueen,50.0,45,0,8,0,20.0,0,0,0,Poison,505,90,92,87,75,85,76,1,0,Blue,1,0.0,Undiscovered,0,1.3,60.0,45,bipedal_tailed,4.0
nidorino,50.0,120,0,0,0,20.0,0,0,0,Poison,365,61,72,57,55,55,65,1,0,Purple,1,1.0,Monster,0,0.89,19.5,120,quadruped,0.0
nidoking,50.0,45,0,0,0,20.0,0,0,0,Poison,505,81,102,77,85,75,85,1,0,Purple,1,1.0,Monster,0,1.4,62.0,45,bipedal_tailed,4.0
clefairy,140.0,150,0,6,0,10.0,0,0,0,Fairy,323,70,45,48,60,65,35,1,0,Pink,1,0.25,Fairy,0,0.61,7.5,150,bipedal_tailed,5.0
clefable,140.0,25,0,6,0,10.0,0,0,0,Fairy,483,95,70,73,95,90,60,1,0,Pink,1,0.25,Fairy,0,1.3,40.0,25,bipedal_tailed,4.0
vulpix,50.0,190,0,6,0,20.0,0,0,0,Fire,299,38,41,40,50,65,65,1,0,Brown,1,0.25,Field,0,0.61,9.9,190,quadruped,5.0
ninetales,50.0,75,0,6,0,20.0,0,0,0,Fire,505,73,76,75,81,100,100,1,0,Yellow,1,0.25,Field,0,1.09,19.9,75,quadruped,6.0
jigglypuff,50.0,170,0,6,0,10.0,0,0,0,Normal,270,115,45,20,45,25,20,1,0,Pink,1,0.25,Fairy,0,0.51,5.5,170,bipedal_tailless,16.0
wigglytuff,50.0,50,0,6,0,10.0,0,0,0,Normal,435,140,70,45,85,50,45,1,0,Pink,1,0.25,Fairy,0,0.99,12.0,50,bipedal_tailless,9.0
zubat,50.0,255,0,4,1,15.0,0,0,0,Poison,245,40,45,35,30,40,55,1,0,Purple,1,0.5,Flying,0,0.79,7.5,255,two_wings,2.0
golbat,50.0,90,0,4,1,15.0,0,0,0,Poison,455,75,80,70,65,75,90,1,0,Purple,1,0.5,Flying,0,1.6,55.0,90,two_wings,5.0
oddish,50.0,255,0,4,0,20.0,0,0,0,Grass,320,45,50,55,75,65,30,1,0,Blue,1,0.5,Grass,0,0.51,5.4,255,head_legs,1.0
gloom,50.0,120,0,4,1,20.0,0,0,0,Grass,395,60,65,70,85,75,40,1,0,Blue,1,0.5,Grass,0,0.79,8.6,120,bipedal_tailless,3.0
vileplume,50.0,45,0,4,1,20.0,0,0,0,Grass,490,75,80,85,110,90,50,1,0,Red,1,0.5,Grass,0,1.19,18.6,45,bipedal_tailless,3.0
paras,70.0,190,0,4,0,20.0,0,0,0,Bug,285,35,70,55,45,55,25,1,0,Red,1,0.5,Bug,0,0.3,5.4,190,insectoid,2.0
parasect,70.0,75,0,4,0,20.0,0,0,0,Bug,405,60,95,80,60,80,30,1,0,Red,1,0.5,Bug,0,0.99,29.5,75,insectoid,2.0
venonat,70.0,190,0,4,0,20.0,0,0,0,Bug,305,60,55,50,40,55,45,1,0,Purple,1,0.5,Bug,0,0.99,30.0,190,bipedal_tailless,2.0
venomoth,70.0,75,0,4,0,20.0,0,0,0,Bug,450,70,65,60,90,75,90,1,0,Purple,1,0.5,Bug,0,1.5,12.5,75,four_wings,3.0
diglett,50.0,255,0,4,0,20.0,0,0,0,Ground,265,10,55,25,35,45,95,1,0,Brown,1,0.5,Field,0,0.2,0.8,255,head_base,5.0
dugtrio,50.0,50,0,4,0,20.0,0,0,0,Ground,405,35,80,50,50,70,120,1,0,Brown,1,0.5,Field,0,0.71,33.3,50,multiple_bodies,4.0
meowth,50.0,255,0,4,0,20.0,0,0,0,Normal,290,40,45,35,40,40,90,1,0,Yellow,1,0.5,Field,0,0.41,4.2,255,quadruped,16.0
persian,50.0,90,0,4,0,20.0,0,0,0,Normal,440,65,70,60,65,65,115,1,0,Yellow,1,0.5,Field,0,0.99,32.0,90,quadruped,6.0
psyduck,50.0,190,0,4,0,20.0,0,0,0,Water,320,50,52,48,65,50,55,1,0,Yellow,1,0.5,Water_1,0,0.79,19.6,190,bipedal_tailed,8.0
golduck,50.0,75,0,4,0,20.0,0,0,0,Water,500,80,82,78,95,80,85,1,0,Blue,1,0.5,Water_1,0,1.7,76.6,75,bipedal_tailed,0.0
mankey,70.0,190,0,4,0,20.0,0,0,0,Fighting,305,40,80,35,35,45,70,1,0,Brown,1,0.5,Field,0,0.51,28.0,190,bipedal_tailed,0.0
primeape,70.0,75,0,4,0,20.0,0,0,0,Fighting,455,65,105,60,60,70,95,1,0,Brown,1,0.5,Field,0,0.99,32.0,75,bipedal_tailed,3.0
growlithe,50.0,190,0,2,0,20.0,0,0,0,Fire,350,55,70,45,70,50,60,1,0,Brown,1,0.75,Field,0,0.71,19.0,190,quadruped,6.0
arcanine,50.0,75,0,2,0,20.0,0,0,0,Fire,555,90,110,80,100,80,95,1,0,Brown,1,0.75,Field,0,1.91,155.0,75,quadruped,11.0
poliwag,50.0,255,0,4,0,20.0,0,0,0,Water,300,40,50,40,40,40,90,1,0,Blue,1,0.5,Water_1,0,0.61,12.4,255,head_legs,4.0
poliwhirl,50.0,120,0,4,0,20.0,0,0,0,Water,385,65,65,65,50,50,90,1,0,Blue,1,0.5,Water_1,0,0.99,20.0,120,bipedal_tailless,1.0
poliwrath,50.0,45,0,4,0,20.0,0,0,0,Water,510,90,95,95,70,90,70,1,0,Blue,1,0.5,Water_1,0,1.3,54.0,45,bipedal_tailless,2.0
abra,50.0,200,0,2,0,20.0,0,0,0,Psychic,310,25,20,15,105,55,90,1,0,Brown,1,0.75,Human-Like,0,0.89,19.5,200,bipedal_tailed,4.0
kadabra,50.0,100,0,2,1,20.0,0,0,0,Psychic,400,40,35,30,120,70,105,1,0,Brown,1,0.75,Human-Like,0,1.3,56.5,100,bipedal_tailed,0.0
alakazam,50.0,50,1,2,1,20.0,0,0,0,Psychic,500,55,50,45,135,95,120,1,0,Brown,1,0.75,Human-Like,1,1.5,48.0,50,bipedal_tailless,3.0
machop,50.0,180,0,2,0,20.0,0,0,0,Fighting,305,70,80,50,35,35,35,1,0,Grey,1,0.75,Human-Like,0,0.79,19.5,180,bipedal_tailed,1.0
machoke,50.0,90,0,2,0,20.0,0,0,0,Fighting,405,80,100,70,50,60,45,1,0,Grey,1,0.75,Human-Like,0,1.5,70.5,90,bipedal_tailless,4.0
machamp,50.0,45,0,2,0,20.0,0,0,0,Fighting,505,90,130,80,65,85,55,1,0,Grey,1,0.75,Human-Like,0,1.6,130.0,45,bipedal_tailless,3.0
bellsprout,70.0,255,0,4,0,20.0,0,0,0,Grass,300,50,75,35,70,30,40,1,0,Green,1,0.5,Grass,0,0.71,4.0,255,bipedal_tailless,0.0
weepinbell,70.0,120,0,4,0,20.0,0,0,0,Grass,390,65,90,50,85,45,55,1,0,Green,1,0.5,Grass,0,0.99,6.4,120,head_base,0.0
victreebel,70.0,45,0,4,0,20.0,0,0,0,Grass,490,80,105,65,100,70,70,1,0,Green,1,0.5,Grass,0,1.7,15.5,45,head_base,1.0
tentacool,50.0,190,0,4,0,20.0,0,0,0,Water,335,40,40,35,50,100,70,1,0,Blue,1,0.5,Water_3,0,0.89,45.5,190,several_limbs,1.0
tentacruel,50.0,60,0,4,0,20.0,0,0,0,Water,515,80,70,65,80,120,100,1,0,Blue,1,0.5,Water_3,0,1.6,55.0,60,several_limbs,1.0
geodude,70.0,255,0,4,0,15.0,0,0,0,Rock,300,40,80,100,30,30,20,1,0,Brown,1,0.5,Mineral,0,0.41,20.0,255,head_arms,5.0
graveler,70.0,120,0,4,0,15.0,0,0,0,Rock,390,55,95,115,45,45,35,1,0,Brown,1,0.5,Mineral,0,0.99,105.0,120,bipedal_tailless,1.0
golem,70.0,45,0,4,0,15.0,0,0,0,Rock,495,80,120,130,55,65,45,1,0,Brown,1,0.5,Mineral,0,1.4,300.0,45,bipedal_tailless,0.0
ponyta,50.0,190,0,4,0,20.0,0,0,0,Fire,410,50,85,55,65,65,90,1,0,Yellow,1,0.5,Field,0,0.99,30.0,190,quadruped,3.0
rapidash,50.0,60,0,4,0,20.0,0,0,0,Fire,500,65,100,70,80,80,105,1,0,Yellow,1,0.5,Field,0,1.7,95.0,60,quadruped,8.0
slowpoke,50.0,190,0,4,0,20.0,0,0,0,Water,315,90,65,65,40,40,15,1,0,Pink,1,0.5,Monster,0,1.19,36.0,190,quadruped,13.0
slowbro,50.0,75,1,4,0,20.0,0,0,0,Water,490,95,75,110,100,80,30,1,0,Pink,1,0.5,Monster,1,1.6,78.5,75,bipedal_tailed,3.0
magnemite,50.0,190,0,-1,0,20.0,0,0,0,Electric,325,25,35,70,95,55,45,1,0,Grey,0,0.5533773291925466,Mineral,0,0.3,6.0,190,head_arms,1.0
magneton,50.0,60,0,-1,0,20.0,0,0,0,Electric,465,50,60,95,120,70,70,1,0,Grey,0,0.5533773291925466,Mineral,0,0.99,60.0,60,multiple_bodies,2.0
doduo,70.0,190,0,4,1,20.0,0,0,0,Normal,310,35,85,45,35,35,75,1,0,Brown,1,0.5,Flying,0,1.4,39.2,190,head_legs,0.0
dodrio,70.0,45,0,4,1,20.0,0,0,0,Normal,460,60,110,70,60,60,100,1,0,Brown,1,0.5,Flying,0,1.8,85.2,45,head_legs,2.0
seel,70.0,190,0,4,0,20.0,0,0,0,Water,325,65,45,55,45,70,45,1,0,White,1,0.5,Water_1,0,1.09,90.0,190,with_fins,1.0
dewgong,70.0,75,0,4,0,20.0,0,0,0,Water,475,90,70,80,70,95,70,1,0,White,1,0.5,Water_1,0,1.7,120.0,75,with_fins,3.0
grimer,70.0,190,0,4,0,20.0,0,0,0,Poison,325,80,80,50,40,50,25,1,0,Purple,1,0.5,Amorphous,0,0.89,30.0,190,head_arms,6.0
muk,70.0,75,0,4,0,20.0,0,0,0,Poison,500,105,105,75,65,100,50,1,0,Purple,1,0.5,Amorphous,0,1.19,30.0,75,head_arms,7.0
shellder,50.0,190,0,4,0,20.0,0,0,0,Water,305,30,65,100,45,25,40,1,0,Purple,1,0.5,Water_3,0,0.3,4.0,190,head_only,3.0
cloyster,50.0,60,0,4,0,20.0,0,0,0,Water,525,50,95,180,85,45,70,1,0,Purple,1,0.5,Water_3,0,1.5,132.5,60,head_only,0.0
gastly,50.0,190,0,4,0,20.0,0,0,0,Ghost,310,30,35,30,100,35,80,1,0,Purple,1,0.5,Amorphous,0,1.3,0.1,190,head_only,1.0
haunter,50.0,90,0,4,0,20.0,0,0,0,Ghost,405,45,50,45,115,55,95,1,0,Purple,1,0.5,Amorphous,0,1.6,0.1,90,head_arms,3.0
gengar,50.0,45,1,4,0,20.0,0,0,0,Ghost,500,60,65,60,130,75,110,1,0,Purple,1,0.5,Amorphous,1,1.5,40.5,45,bipedal_tailed,41.0
onix,50.0,45,0,4,0,25.0,0,0,0,Rock,385,35,45,160,30,45,70,1,0,Grey,1,0.5,Mineral,0,8.79,210.0,45,serpentine_body,6.0
drowzee,70.0,190,0,4,0,20.0,0,0,0,Psychic,328,60,48,45,43,90,42,1,0,Yellow,1,0.5,Human-Like,0,0.99,32.4,190,bipedal_tailless,3.0
hypno,70.0,75,0,4,1,20.0,0,0,0,Psychic,483,85,73,70,73,115,67,1,0,Yellow,1,0.5,Human-Like,0,1.6,75.6,75,bipedal_tailless,2.0
krabby,50.0,225,0,4,0,20.0,0,0,0,Water,325,30,105,90,25,25,50,1,0,Red,1,0.5,Water_3,0,0.41,6.5,225,insectoid,1.0
kingler,50.0,60,0,4,0,20.0,0,0,0,Water,475,55,130,115,50,50,75,1,0,Red,1,0.5,Water_3,0,1.3,60.0,60,insectoid,2.0
voltorb,70.0,190,0,-1,0,20.0,0,0,0,Electric,330,40,30,50,55,55,100,1,0,Red,0,0.5533773291925466,Mineral,0,0.51,10.4,190,head_only,0.0
electrode,70.0,60,0,-1,0,20.0,0,0,0,Electric,480,60,50,70,80,80,140,1,0,Red,0,0.5533773291925466,Mineral,0,1.19,66.6,60,head_only,0.0
exeggcute,50.0,90,0,4,0,20.0,0,0,0,Grass,325,60,40,80,60,45,40,1,0,Pink,1,0.5,Grass,0,0.41,2.5,90,multiple_bodies,2.0
exeggutor,50.0,45,0,4,0,20.0,0,0,0,Grass,520,95,95,85,125,65,55,1,0,Yellow,1,0.5,Grass,0,2.01,120.0,45,head_legs,2.0
cubone,50.0,190,0,4,0,20.0,0,0,0,Ground,320,50,50,95,40,50,35,1,0,Brown,1,0.5,Monster,0,0.41,6.5,190,bipedal_tailed,1.0
marowak,50.0,75,0,4,0,20.0,0,0,0,Ground,425,60,80,110,50,80,45,1,0,Brown,1,0.5,Monster,0,0.99,45.0,75,bipedal_tailed,2.0
hitmonlee,50.0,45,0,0,0,25.0,0,0,0,Fighting,455,50,120,53,35,110,87,1,0,Brown,1,1.0,Human-Like,0,1.5,49.8,45,bipedal_tailless,6.0
hitmonchan,50.0,45,0,0,0,25.0,0,0,0,Fighting,455,50,105,79,35,110,76,1,0,Brown,1,1.0,Human-Like,0,1.4,50.2,45,bipedal_tailless,3.0
lickitung,50.0,45,0,4,0,20.0,0,0,0,Normal,385,90,55,75,60,75,30,1,0,Pink,1,0.5,Monster,0,1.19,65.5,45,bipedal_tailed,6.0
koffing,50.0,190,0,4,0,20.0,0,0,0,Poison,340,40,65,95,60,45,35,1,0,Purple,1,0.5,Amorphous,0,0.61,1.0,190,head_only,0.0
weezing,50.0,60,0,4,0,20.0,0,0,0,Poison,490,65,90,120,85,70,60,1,0,Purple,1,0.5,Amorphous,0,1.19,9.5,60,multiple_bodies,1.0
rhyhorn,50.0,120,0,4,1,20.0,0,0,0,Ground,345,80,85,95,30,30,25,1,0,Grey,1,0.5,Monster,0,0.99,115.0,120,quadruped,0.0
rhydon,50.0,60,0,4,1,20.0,0,0,0,Ground,485,105,130,120,45,45,40,1,0,Grey,1,0.5,Monster,0,1.91,120.0,60,bipedal_tailed,2.0
chansey,140.0,30,0,8,0,40.0,0,0,0,Normal,450,250,5,5,35,105,50,1,0,Pink,1,0.0,Fairy,0,1.09,34.6,30,bipedal_tailed,1.0
tangela,50.0,45,0,4,0,20.0,0,0,0,Grass,435,65,55,115,100,40,60,1,0,Blue,1,0.5,Grass,0,0.99,35.0,45,head_legs,0.0
kangaskhan,50.0,45,1,8,0,20.0,0,0,0,Normal,490,105,95,80,40,80,90,1,0,Brown,1,0.0,Monster,1,2.21,80.0,45,bipedal_tailed,6.0
horsea,50.0,225,0,4,0,20.0,0,0,0,Water,295,30,40,70,70,25,60,1,0,Blue,1,0.5,Water_1,0,0.41,8.0,225,head_base,0.0
seadra,50.0,75,0,4,0,20.0,0,0,0,Water,440,55,65,95,95,45,85,1,0,Blue,1,0.5,Water_1,0,1.19,25.0,75,head_base,0.0
goldeen,50.0,225,0,4,1,20.0,0,0,0,Water,320,45,67,60,35,50,63,1,0,Red,1,0.5,Water_2,0,0.61,15.0,225,with_fins,0.0
seaking,50.0,60,0,4,1,20.0,0,0,0,Water,450,80,92,65,65,80,68,1,0,Red,1,0.5,Water_2,0,1.3,39.0,60,with_fins,0.0
staryu,50.0,225,0,-1,0,20.0,0,0,0,Water,340,30,45,55,70,55,85,1,0,Brown,0,0.5533773291925466,Water_3,0,0.79,34.5,225,head_base,0.0
starmie,50.0,60,0,-1,0,20.0,0,0,0,Water,520,60,75,85,100,85,115,1,0,Purple,0,0.5533773291925466,Water_3,0,1.09,80.0,60,head_base,1.0
scyther,50.0,45,0,4,1,25.0,0,0,0,Bug,500,70,110,80,55,80,105,1,0,Green,1,0.5,Bug,0,1.5,56.0,45,four_wings,14.0
jynx,50.0,45,0,8,0,25.0,0,0,0,Ice,455,65,50,35,115,95,95,1,0,Red,1,0.0,Human-Like,0,1.4,40.6,45,bipedal_tailless,4.0
electabuzz,50.0,45,0,2,0,25.0,0,0,0,Electric,490,65,83,57,95,85,105,1,0,Yellow,1,0.75,Human-Like,0,1.09,30.0,45,bipedal_tailed,1.0
magmar,50.0,45,0,2,0,25.0,0,0,0,Fire,495,65,95,57,100,85,93,1,0,Red,1,0.75,Human-Like,0,1.3,44.5,45,bipedal_tailed,3.0
pinsir,50.0,45,1,4,0,25.0,0,0,0,Bug,500,65,125,100,55,70,85,1,0,Brown,1,0.5,Bug,1,1.5,55.0,45,bipedal_tailless,5.0
tauros,50.0,45,0,0,0,20.0,0,0,0,Normal,490,75,100,95,40,70,110,1,0,Brown,1,1.0,Field,0,1.4,88.4,45,quadruped,10.0
magikarp,50.0,255,0,4,1,5.0,0,0,0,Water,200,20,10,55,15,20,80,1,0,Red,1,0.5,Water_2,0,0.89,10.0,255,with_fins,10.0
gyarados,50.0,45,1,4,1,5.0,0,0,0,Water,540,95,125,79,60,100,81,1,0,Blue,1,0.5,Water_2,1,6.5,235.0,45,serpentine_body,12.0
lapras,50.0,45,0,4,0,40.0,0,0,0,Water,535,130,85,80,85,95,60,1,0,Blue,1,0.5,Monster,0,2.49,220.0,45,with_fins,8.0
ditto,50.0,35,0,-1,0,20.0,0,0,0,Normal,288,48,48,48,48,48,48,1,0,Purple,0,0.5533773291925466,Ditto,0,0.3,4.0,35,head_only,21.0
eevee,50.0,45,0,1,1,35.0,0,0,0,Normal,325,55,55,50,45,65,55,1,0,Brown,1,0.875,Field,0,0.3,6.5,45,quadruped,72.0
vaporeon,50.0,45,0,1,0,35.0,0,0,0,Water,525,130,65,60,110,95,65,1,0,Blue,1,0.875,Field,0,0.99,29.0,45,quadruped,20.0
jolteon,50.0,45,0,1,0,35.0,0,0,0,Electric,525,65,65,60,110,95,130,1,0,Yellow,1,0.875,Field,0,0.79,24.5,45,quadruped,12.0
flareon,50.0,45,0,1,0,35.0,0,0,0,Fire,525,65,130,60,95,110,65,1,0,Red,1,0.875,Field,0,0.89,25.0,45,quadruped,9.0
porygon,50.0,45,0,-1,0,20.0,0,0,0,Normal,395,65,60,70,85,75,40,1,0,Pink,0,0.5533773291925466,Mineral,0,0.79,36.5,45,head_legs,5.0
omanyte,50.0,45,0,1,0,30.0,0,0,0,Rock,355,35,40,100,90,55,35,1,0,Blue,1,0.875,Water_1,0,0.41,7.5,45,several_limbs,0.0
omastar,50.0,45,0,1,0,30.0,0,0,0,Rock,495,70,60,125,115,70,55,1,0,Blue,1,0.875,Water_1,0,0.99,35.0,45,several_limbs,0.0
kabuto,50.0,45,0,1,0,30.0,0,0,0,Rock,355,30,80,90,55,45,55,1,0,Brown,1,0.875,Water_1,0,0.51,11.5,45,insectoid,1.0
kabutops,50.0,45,0,1,0,30.0,0,0,0,Rock,495,60,115,105,65,70,80,1,0,Brown,1,0.875,Water_1,0,1.3,40.5,45,bipedal_tailed,3.0
aerodactyl,50.0,45,1,1,0,35.0,0,0,0,Rock,515,80,105,65,60,75,130,1,0,Purple,1,0.875,Flying,1,1.8,59.0,45,two_wings,5.0
snorlax,50.0,25,0,1,0,40.0,0,0,0,Normal,540,160,110,65,65,110,30,1,0,Black,1,0.875,Monster,0,2.11,460.0,25,bipedal_tailless,17.0
articuno,35.0,3,0,-1,0,80.0,0,1,0,Ice,580,90,85,100,95,125,85,1,1,Blue,0,0.5533773291925466,Undiscovered,0,1.7,55.4,3,two_wings,23.0
zapdos,35.0,3,0,-1,0,80.0,0,1,0,Electric,580,90,90,85,125,90,100,1,1,Yellow,0,0.5533773291925466,Undiscovered,0,1.6,52.6,3,two_wings,10.0
moltres,35.0,3,0,-1,0,80.0,0,1,0,Fire,580,90,100,90,125,85,90,1,1,Yellow,0,0.5533773291925466,Undiscovered,0,2.01,60.0,3,two_wings,5.0
dratini,35.0,45,0,4,0,40.0,0,0,0,Dragon,300,41,64,45,50,50,50,1,0,Blue,1,0.5,Water_1,0,1.8,3.3,45,serpentine_body,6.0
dragonair,35.0,45,0,4,0,40.0,0,0,0,Dragon,420,61,84,65,70,70,70,1,0,Blue,1,0.5,Water_1,0,3.99,16.5,45,serpentine_body,0.0
dragonite,35.0,45,0,4,0,40.0,0,0,0,Dragon,600,91,134,95,100,100,80,1,0,Brown,1,0.5,Water_1,0,2.21,210.0,45,bipedal_tailed,15.0
mewtwo,0.0,3,1,-1,0,120.0,0,1,0,Psychic,680,106,110,90,154,90,130,1,1,Purple,0,0.5533773291925466,Undiscovered,1,2.01,122.0,3,bipedal_tailed,35.0
mew,100.0,45,0,-1,0,120.0,0,0,1,Psychic,600,100,100,100,100,100,100,1,0,Pink,0,0.5533773291925466,Undiscovered,0,0.41,4.0,45,bipedal_tailed,50.0
chikorita,70.0,45,0,1,0,20.0,0,0,0,Grass,318,45,49,65,49,65,45,2,0,Green,1,0.875,Monster,0,0.89,6.4,45,quadruped,11.0
bayleef,70.0,45,0,1,0,20.0,0,0,0,Grass,405,60,62,80,63,80,60,2,0,Green,1,0.875,Monster,0,1.19,15.8,45,quadruped,2.0
meganium,70.0,45,0,1,1,20.0,0,0,0,Grass,525,80,82,100,83,100,80,2,0,Green,1,0.875,Monster,0,1.8,100.5,45,quadruped,1.0
cyndaquil,70.0,45,0,1,0,20.0,0,0,0,Fire,309,39,52,43,60,50,65,2,0,Yellow,1,0.875,Field,0,0.51,7.9,45,bipedal_tailless,3.0
quilava,70.0,45,0,1,0,20.0,0,0,0,Fire,405,58,64,58,80,65,80,2,0,Yellow,1,0.875,Field,0,0.89,19.0,45,quadruped,2.0
typhlosion,70.0,45,0,1,0,20.0,0,0,0,Fire,534,78,84,78,109,85,100,2,0,Yellow,1,0.875,Field,0,1.7,79.5,45,quadruped,7.0
totodile,70.0,45,0,1,0,20.0,0,0,0,Water,314,50,65,64,44,48,43,2,0,Blue,1,0.875,Monster,0,0.61,9.5,45,bipedal_tailed,7.0
croconaw,70.0,45,0,1,0,20.0,0,0,0,Water,405,65,80,80,59,63,58,2,0,Blue,1,0.875,Monster,0,1.09,25.0,45,bipedal_tailed,4.0
feraligatr,70.0,45,0,1,0,20.0,0,0,0,Water,530,85,105,100,79,83,78,2,0,Blue,1,0.875,Monster,0,2.31,88.8,45,bipedal_tailed,2.0
sentret,70.0,255,0,4,0,15.0,0,0,0,Normal,215,35,46,34,35,45,20,2,0,Brown,1,0.5,Field,0,0.79,6.0,255,quadruped,4.0
furret,70.0,90,0,4,0,15.0,0,0,0,Normal,415,85,76,64,45,55,90,2,0,Brown,1,0.5,Field,0,1.8,32.5,90,quadruped,7.0
hoothoot,50.0,255,0,4,0,15.0,0,0,0,Normal,262,60,30,30,36,56,50,2,0,Brown,1,0.5,Flying,0,0.71,21.2,255,two_wings,1.0
noctowl,50.0,90,0,4,0,15.0,0,0,0,Normal,442,100,50,50,76,96,70,2,0,Brown,1,0.5,Flying,0,1.6,40.8,90,two_wings,3.0
ledyba,70.0,255,0,4,1,15.0,0,0,0,Bug,265,40,20,30,40,80,55,2,0,Red,1,0.5,Bug,0,0.99,10.8,255,two_wings,1.0
ledian,70.0,90,0,4,1,15.0,0,0,0,Bug,390,55,35,50,55,110,85,2,0,Red,1,0.5,Bug,0,1.4,35.6,90,two_wings,2.0
spinarak,70.0,255,0,4,0,15.0,0,0,0,Bug,250,40,60,40,40,40,30,2,0,Green,1,0.5,Bug,0,0.51,8.5,255,insectoid,1.0
ariados,70.0,90,0,4,0,15.0,0,0,0,Bug,390,70,90,70,60,60,40,2,0,Red,1,0.5,Bug,0,1.09,33.5,90,insectoid,2.0
crobat,50.0,90,0,4,0,15.0,0,0,0,Poison,535,85,90,80,70,80,130,2,0,Purple,1,0.5,Flying,0,1.8,75.0,90,four_wings,9.0
chinchou,50.0,190,0,4,0,20.0,0,0,0,Water,330,75,38,38,56,56,67,2,0,Blue,1,0.5,Water_2,0,0.51,12.0,190,with_fins,1.0
lanturn,50.0,75,0,4,0,20.0,0,0,0,Water,460,125,58,58,76,76,67,2,0,Blue,1,0.5,Water_2,0,1.19,22.5,75,with_fins,1.0
pichu,50.0,190,0,4,0,10.0,1,0,0,Electric,205,20,40,15,35,35,60,2,0,Yellow,1,0.5,Undiscovered,0,0.3,2.0,190,quadruped,16.0
cleffa,140.0,150,0,6,0,10.0,1,0,0,Fairy,218,50,25,28,45,55,15,2,0,Pink,1,0.25,Undiscovered,0,0.3,3.0,150,bipedal_tailed,4.0
igglybuff,50.0,170,0,6,0,10.0,1,0,0,Normal,210,90,30,15,40,20,15,2,0,Pink,1,0.25,Undiscovered,0,0.3,1.0,170,bipedal_tailless,5.0
togepi,50.0,190,0,1,0,10.0,1,0,0,Fairy,245,35,20,65,40,65,20,2,0,White,1,0.875,Undiscovered,0,0.3,1.5,190,bipedal_tailless,7.0
togetic,50.0,75,0,1,0,10.0,0,0,0,Fairy,405,55,40,85,80,105,40,2,0,White,1,0.875,Flying,0,0.61,3.2,75,bipedal_tailless,3.0
natu,50.0,190,0,4,0,20.0,0,0,0,Psychic,320,40,50,45,70,45,70,2,0,Green,1,0.5,Flying,0,0.2,2.0,190,two_wings,2.0
xatu,50.0,75,0,4,1,20.0,0,0,0,Psychic,470,65,75,70,95,70,95,2,0,Green,1,0.5,Flying,0,1.5,15.0,75,two_wings,2.0
mareep,70.0,235,0,4,0,20.0,0,0,0,Electric,280,55,40,40,65,45,35,2,0,White,1,0.5,Monster,0,0.61,7.8,235,quadruped,0.0
flaaffy,70.0,120,0,4,0,20.0,0,0,0,Electric,365,70,55,55,80,60,45,2,0,Pink,1,0.5,Monster,0,0.79,13.3,120,bipedal_tailed,0.0
ampharos,70.0,45,1,4,0,20.0,0,0,0,Electric,510,90,75,85,115,90,55,2,0,Yellow,1,0.5,Monster,1,1.4,61.5,45,bipedal_tailed,1.0
bellossom,50.0,45,0,4,0,20.0,0,0,0,Grass,490,75,80,95,90,100,50,2,0,Green,1,0.5,Grass,0,0.41,5.8,45,bipedal_tailless,3.0
marill,50.0,190,0,4,0,10.0,0,0,0,Water,250,70,20,50,20,50,40,2,0,Blue,1,0.5,Water_1,0,0.41,8.5,190,bipedal_tailed,17.0
azumarill,50.0,75,0,4,0,10.0,0,0,0,Water,420,100,50,80,60,80,50,2,0,Blue,1,0.5,Water_1,0,0.79,28.5,75,bipedal_tailed,2.0
sudowoodo,50.0,65,0,4,1,20.0,0,0,0,Rock,410,70,100,115,30,65,30,2,0,Brown,1,0.5,Mineral,0,1.19,38.0,65,bipedal_tailless,0.0
politoed,50.0,45,0,4,1,20.0,0,0,0,Water,500,90,75,75,90,100,70,2,0,Green,1,0.5,Water_1,0,1.09,33.9,45,bipedal_tailed,4.0
hoppip,70.0,255,0,4,0,20.0,0,0,0,Grass,250,35,35,40,35,55,50,2,0,Pink,1,0.5,Fairy,0,0.41,0.5,255,bipedal_tailed,0.0
skiploom,70.0,120,0,4,0,20.0,0,0,0,Grass,340,55,45,50,45,65,80,2,0,Green,1,0.5,Fairy,0,0.61,1.0,120,bipedal_tailed,0.0
jumpluff,70.0,45,0,4,0,20.0,0,0,0,Grass,460,75,55,70,55,95,110,2,0,Blue,1,0.5,Fairy,0,0.79,3.0,45,bipedal_tailed,2.0
aipom,70.0,45,0,4,1,20.0,0,0,0,Normal,360,55,70,55,40,55,85,2,0,Purple,1,0.5,Field,0,0.79,11.5,45,bipedal_tailed,2.0
sunkern,70.0,235,0,4,0,20.0,0,0,0,Grass,180,30,30,30,30,30,30,2,0,Yellow,1,0.5,Grass,0,0.3,1.8,235,head_only,0.0
sunflora,70.0,120,0,4,0,20.0,0,0,0,Grass,425,75,75,55,105,85,30,2,0,Yellow,1,0.5,Grass,0,0.79,8.5,120,bipedal_tailless,1.0
yanma,70.0,75,0,4,0,20.0,0,0,0,Bug,390,65,65,45,75,45,95,2,0,Red,1,0.5,Bug,0,1.19,38.0,75,four_wings,0.0
wooper,50.0,255,0,4,1,20.0,0,0,0,Water,210,55,45,45,25,25,15,2,0,Blue,1,0.5,Water_1,0,0.41,8.5,255,head_legs,22.0
quagsire,50.0,90,0,4,1,20.0,0,0,0,Water,430,95,85,85,65,65,35,2,0,Blue,1,0.5,Water_1,0,1.4,75.0,90,bipedal_tailed,5.0
espeon,50.0,45,0,1,0,35.0,0,0,0,Psychic,525,65,65,60,130,95,110,2,0,Purple,1,0.875,Field,0,0.89,26.5,45,quadruped,17.0
umbreon,35.0,45,0,1,0,35.0,0,0,0,Dark,525,95,65,110,60,130,65,2,0,Black,1,0.875,Field,0,0.99,27.0,45,quadruped,18.0
murkrow,35.0,30,0,4,1,20.0,0,0,0,Dark,405,60,85,42,85,42,91,2,0,Black,1,0.5,Flying,0,0.51,2.1,30,two_wings,0.0
slowking,50.0,70,0,4,0,20.0,0,0,0,Water,490,95,75,80,100,110,30,2,0,Pink,1,0.5,Monster,0,2.01,79.5,70,bipedal_tailed,4.0
misdreavus,35.0,45,0,4,0,25.0,0,0,0,Ghost,435,60,60,60,85,85,85,2,0,Purple,1,0.5,Amorphous,0,0.71,1.0,45,head_only,8.0
unown,70.0,225,0,-1,0,40.0,0,0,0,Psychic,336,48,72,48,72,48,48,2,0,Black,0,0.5533773291925466,Undiscovered,0,0.51,5.0,225,head_only,9.0
wobbuffet,50.0,45,0,4,1,20.0,0,0,0,Psychic,405,190,33,58,33,58,33,2,0,Blue,1,0.5,Amorphous,0,1.3,28.5,45,head_base,1.0
girafarig,70.0,60,0,4,1,20.0,0,0,0,Normal,455,70,80,65,90,65,85,2,0,Yellow,1,0.5,Field,0,1.5,41.5,60,quadruped,1.0
pineco,70.0,190,0,4,0,20.0,0,0,0,Bug,290,50,65,90,35,35,15,2,0,Grey,1,0.5,Bug,0,0.61,7.2,190,head_only,2.0
forretress,70.0,75,0,4,0,20.0,0,0,0,Bug,465,75,90,140,60,60,40,2,0,Purple,1,0.5,Bug,0,1.19,125.8,75,head_only,2.0
dunsparce,50.0,190,0,4,0,20.0,0,0,0,Normal,415,100,70,70,65,65,45,2,0,Yellow,1,0.5,Field,0,1.5,14.0,190,serpentine_body,0.0
gligar,70.0,60,0,4,1,20.0,0,0,0,Ground,430,65,75,105,35,65,85,2,0,Purple,1,0.5,Bug,0,1.09,64.8,60,two_wings,1.0
steelix,50.0,25,1,4,1,25.0,0,0,0,Steel,510,75,85,200,55,65,30,2,0,Grey,1,0.5,Mineral,1,9.19,400.0,25,serpentine_body,6.0
snubbull,70.0,190,0,6,0,20.0,0,0,0,Fairy,300,60,80,50,40,40,30,2,0,Pink,1,0.25,Field,0,0.61,7.8,190,bipedal_tailless,0.0
granbull,70.0,75,0,6,0,20.0,0,0,0,Fairy,450,90,120,75,60,60,45,2,0,Purple,1,0.25,Field,0,1.4,48.7,75,bipedal_tailed,0.0
qwilfish,50.0,45,0,4,0,20.0,0,0,0,Water,430,65,95,75,55,55,85,2,0,Grey,1,0.5,Water_2,0,0.51,3.9,45,with_fins,0.0
scizor,50.0,25,1,4,1,25.0,0,0,0,Bug,500,70,130,100,55,80,65,2,0,Red,1,0.5,Bug,1,1.8,118.0,25,four_wings,5.0
shuckle,50.0,190,0,4,0,20.0,0,0,0,Bug,505,20,10,230,10,230,5,2,0,Yellow,1,0.5,Bug,0,0.61,20.5,190,insectoid,0.0
heracross,50.0,45,1,4,1,25.0,0,0,0,Bug,500,80,125,75,40,95,85,2,0,Blue,1,0.5,Bug,1,1.5,54.0,45,bipedal_tailless,3.0
sneasel,35.0,60,0,4,1,20.0,0,0,0,Dark,430,55,95,55,35,75,115,2,0,Black,1,0.5,Field,0,0.89,28.0,60,bipedal_tailed,3.0
teddiursa,70.0,120,0,4,0,20.0,0,0,0,Normal,330,60,80,50,50,50,40,2,0,Brown,1,0.5,Field,0,0.61,8.8,120,bipedal_tailed,4.0
ursaring,70.0,60,0,4,1,20.0,0,0,0,Normal,500,90,130,75,75,75,55,2,0,Brown,1,0.5,Field,0,1.8,125.8,60,bipedal_tailed,2.0
slugma,70.0,190,0,4,0,20.0,0,0,0,Fire,250,40,40,40,70,40,20,2,0,Red,1,0.5,Amorphous,0,0.71,35.0,190,serpentine_body,0.0
magcargo,70.0,75,0,4,0,20.0,0,0,0,Fire,410,50,50,120,80,80,30,2,0,Red,1,0.5,Amorphous,0,0.79,55.0,75,serpentine_body,0.0
swinub,50.0,225,0,4,0,20.0,0,0,0,Ice,250,50,50,40,30,30,50,2,0,Brown,1,0.5,Field,0,0.41,6.5,225,quadruped,0.0
piloswine,50.0,75,0,4,1,20.0,0,0,0,Ice,450,100,100,80,60,60,50,2,0,Brown,1,0.5,Field,0,1.09,55.8,75,quadruped,0.0
corsola,50.0,60,0,6,0,20.0,0,0,0,Water,380,55,55,85,65,85,35,2,0,Pink,1,0.25,Water_1,0,0.61,5.0,60,insectoid,0.0
remoraid,50.0,190,0,4,0,20.0,0,0,0,Water,300,35,65,35,65,35,65,2,0,Grey,1,0.5,Water_1,0,0.61,12.0,190,with_fins,2.0
octillery,50.0,75,0,4,1,20.0,0,0,0,Water,480,75,105,75,105,75,45,2,0,Red,1,0.5,Water_1,0,0.89,28.5,75,several_limbs,2.0
delibird,50.0,45,0,4,0,20.0,0,0,0,Ice,330,45,55,45,65,45,75,2,0,Red,1,0.5,Water_1,0,0.89,16.0,45,two_wings,0.0
mantine,50.0,25,0,4,0,25.0,0,0,0,Water,465,65,40,70,80,140,70,2,0,Purple,1,0.5,Water_1,0,2.11,220.0,25,two_wings,1.0
skarmory,50.0,25,0,4,0,25.0,0,0,0,Steel,465,65,80,140,40,70,70,2,0,Grey,1,0.5,Flying,0,1.7,50.5,25,two_wings,1.0
houndour,35.0,120,0,4,0,20.0,0,0,0,Dark,330,45,60,30,80,50,65,2,0,Black,1,0.5,Field,0,0.61,10.8,120,quadruped,0.0
houndoom,35.0,45,1,4,1,20.0,0,0,0,Dark,500,75,90,50,110,80,95,2,0,Black,1,0.5,Field,1,1.4,35.0,45,quadruped,1.0
kingdra,50.0,45,0,4,0,20.0,0,0,0,Water,540,75,95,95,95,95,85,2,0,Blue,1,0.5,Water_1,0,1.8,152.0,45,head_base,0.0
phanpy,70.0,120,0,4,0,20.0,0,0,0,Ground,330,90,60,60,40,40,40,2,0,Blue,1,0.5,Field,0,0.51,33.5,120,quadruped,1.0
donphan,70.0,60,0,4,1,20.0,0,0,0,Ground,500,90,120,120,60,60,50,2,0,Grey,1,0.5,Field,0,1.09,120.0,60,quadruped,1.0
porygon2,50.0,45,0,-1,0,20.0,0,0,0,Normal,515,85,80,90,105,95,60,2,0,Red,0,0.5533773291925466,Mineral,0,0.61,32.5,45,head_legs,16.0
stantler,70.0,45,0,4,0,20.0,0,0,0,Normal,465,73,95,62,85,65,85,2,0,Brown,1,0.5,Field,0,1.4,71.2,45,quadruped,0.0
smeargle,70.0,45,0,4,0,20.0,0,0,0,Normal,250,55,20,35,20,45,75,2,0,White,1,0.5,Field,0,1.19,58.0,45,bipedal_tailed,0.0
tyrogue,50.0,75,0,0,0,25.0,1,0,0,Fighting,210,35,35,35,35,35,35,2,0,Purple,1,1.0,Undiscovered,0,0.71,21.0,75,bipedal_tailless,0.0
hitmontop,50.0,45,0,0,0,25.0,0,0,0,Fighting,455,50,95,95,35,110,70,2,0,Brown,1,1.0,Human-Like,0,1.4,48.0,45,bipedal_tailed,2.0
smoochum,50.0,45,0,8,0,25.0,1,0,0,Ice,305,45,30,15,85,65,65,2,0,Pink,1,0.0,Undiscovered,0,0.41,6.0,45,bipedal_tailless,0.0
elekid,50.0,45,0,2,0,25.0,1,0,0,Electric,360,45,63,37,65,55,95,2,0,Yellow,1,0.75,Undiscovered,0,0.61,23.5,45,bipedal_tailless,1.0
magby,50.0,45,0,2,0,25.0,1,0,0,Fire,365,45,75,37,70,55,83,2,0,Red,1,0.75,Undiscovered,0,0.71,21.4,45,bipedal_tailed,0.0
miltank,50.0,45,0,8,0,20.0,0,0,0,Normal,490,95,80,105,40,70,100,2,0,Pink,1,0.0,Field,0,1.19,75.5,45,bipedal_tailed,1.0
blissey,140.0,30,0,8,0,40.0,0,0,0,Normal,540,255,10,10,75,135,55,2,0,Pink,1,0.0,Fairy,0,1.5,46.8,30,bipedal_tailless,6.0
raikou,35.0,3,0,-1,0,80.0,0,1,0,Electric,580,90,85,75,115,100,115,2,1,Yellow,0,0.5533773291925466,Undiscovered,0,1.91,178.0,3,quadruped,4.0
entei,35.0,3,0,-1,0,80.0,0,1,0,Fire,580,115,115,85,90,75,100,2,1,Brown,0,0.5533773291925466,Undiscovered,0,2.11,198.0,3,quadruped,2.0
suicune,35.0,3,0,-1,0,80.0,0,1,0,Water,580,100,75,115,90,115,85,2,1,Blue,0,0.5533773291925466,Undiscovered,0,2.01,187.0,3,quadruped,9.0
larvitar,35.0,45,0,4,0,40.0,0,0,0,Rock,300,50,64,50,45,50,41,2,0,Green,1,0.5,Monster,0,0.61,72.0,45,bipedal_tailed,10.0
pupitar,35.0,45,0,4,0,40.0,0,0,0,Rock,410,70,84,70,65,70,51,2,0,Grey,1,0.5,Monster,0,1.19,152.0,45,serpentine_body,2.0
tyranitar,35.0,45,1,4,0,40.0,0,0,0,Rock,600,100,134,110,95,100,61,2,0,Green,1,0.5,Monster,1,2.01,202.0,45,bipedal_tailed,11.0
lugia,0.0,3,0,-1,0,120.0,0,1,0,Psychic,680,106,90,130,90,154,110,2,1,White,0,0.5533773291925466,Undiscovered,0,5.21,216.0,3,two_wings,18.0
ho-oh,0.0,3,0,-1,0,120.0,0,1,0,Fire,680,106,130,90,110,154,90,2,1,Red,0,0.5533773291925466,Undiscovered,0,3.81,199.0,3,two_wings,10.0
celebi,100.0,45,0,-1,0,120.0,0,0,1,Psychic,600,100,100,100,100,100,100,2,0,Green,0,0.5533773291925466,Undiscovered,0,0.61,5.0,45,bipedal_tailless,12.0
treecko,50.0,45,0,1,0,20.0,0,0,0,Grass,310,40,45,35,65,55,70,3,0,Green,1,0.875,Monster,0,0.51,5.0,45,bipedal_tailed,11.0
grovyle,50.0,45,0,1,0,20.0,0,0,0,Grass,405,50,65,45,85,65,95,3,0,Green,1,0.875,Monster,0,0.89,21.6,45,bipedal_tailed,5.0
sceptile,50.0,45,1,1,0,20.0,0,0,0,Grass,530,70,85,65,105,85,120,3,0,Green,1,0.875,Monster,1,1.7,52.2,45,bipedal_tailed,5.0
torchic,50.0,45,0,1,1,20.0,0,0,0,Fire,310,45,60,40,70,50,45,3,0,Red,1,0.875,Field,0,0.41,2.5,45,head_legs,6.0
combusken,50.0,45,0,1,1,20.0,0,0,0,Fire,405,60,85,60,85,60,55,3,0,Red,1,0.875,Field,0,0.89,19.5,45,bipedal_tailed,0.0
blaziken,50.0,45,1,1,1,20.0,0,0,0,Fire,530,80,120,70,110,70,80,3,0,Red,1,0.875,Field,1,1.91,52.0,45,bipedal_tailed,5.0
mudkip,50.0,45,0,1,0,20.0,0,0,0,Water,310,50,70,50,50,50,40,3,0,Blue,1,0.875,Monster,0,0.41,7.6,45,quadruped,13.0
marshtomp,50.0,45,0,1,0,20.0,0,0,0,Water,405,70,85,70,60,70,50,3,0,Blue,1,0.875,Monster,0,0.71,28.0,45,bipedal_tailed,1.0
swampert,50.0,45,1,1,0,20.0,0,0,0,Water,535,100,110,90,85,90,60,3,0,Blue,1,0.875,Monster,1,1.5,81.9,45,bipedal_tailed,0.0
poochyena,70.0,255,0,4,0,15.0,0,0,0,Dark,220,35,55,35,30,30,35,3,0,Grey,1,0.5,Field,0,0.51,13.6,255,quadruped,0.0
mightyena,70.0,127,0,4,0,15.0,0,0,0,Dark,420,70,90,70,60,60,70,3,0,Grey,1,0.5,Field,0,0.99,37.0,127,quadruped,0.0
zigzagoon,50.0,255,0,4,0,15.0,0,0,0,Normal,240,38,30,41,30,41,60,3,0,Brown,1,0.5,Field,0,0.41,17.5,255,quadruped,0.0
linoone,50.0,90,0,4,0,15.0,0,0,0,Normal,420,78,70,61,50,61,100,3,0,White,1,0.5,Field,0,0.51,32.5,90,quadruped,0.0
wurmple,70.0,255,0,4,0,15.0,0,0,0,Bug,195,45,45,35,20,30,20,3,0,Red,1,0.5,Bug,0,0.3,3.6,255,serpentine_body,0.0
silcoon,70.0,120,0,4,0,15.0,0,0,0,Bug,205,50,35,55,25,25,15,3,0,White,1,0.5,Bug,0,0.61,10.0,120,head_only,0.0
beautifly,70.0,45,0,4,1,15.0,0,0,0,Bug,395,60,70,50,100,50,65,3,0,Yellow,1,0.5,Bug,0,0.99,28.4,45,four_wings,0.0
cascoon,70.0,120,0,4,0,15.0,0,0,0,Bug,205,50,35,55,25,25,15,3,0,Purple,1,0.5,Bug,0,0.71,11.5,120,head_only,0.0
dustox,70.0,45,0,4,1,15.0,0,0,0,Bug,385,60,50,70,50,90,65,3,0,Green,1,0.5,Bug,0,1.19,31.6,45,four_wings,0.0
lotad,50.0,255,0,4,0,15.0,0,0,0,Water,220,40,30,30,40,50,30,3,0,Green,1,0.5,Water_1,0,0.51,2.6,255,insectoid,2.0
lombre,50.0,120,0,4,0,15.0,0,0,0,Water,340,60,50,50,60,70,50,3,0,Green,1,0.5,Water_1,0,1.19,32.5,120,bipedal_tailless,0.0
ludicolo,50.0,45,0,4,1,15.0,0,0,0,Water,480,80,70,70,90,100,70,3,0,Green,1,0.5,Water_1,0,1.5,55.0,45,bipedal_tailless,1.0
seedot,50.0,255,0,4,0,15.0,0,0,0,Grass,220,40,40,50,30,30,30,3,0,Brown,1,0.5,Field,0,0.51,4.0,255,head_legs,0.0
nuzleaf,50.0,120,0,4,1,15.0,0,0,0,Grass,340,70,70,40,60,40,60,3,0,Brown,1,0.5,Field,0,0.99,28.0,120,bipedal_tailless,0.0
shiftry,50.0,45,0,4,1,15.0,0,0,0,Grass,480,90,100,60,90,60,80,3,0,Brown,1,0.5,Field,0,1.3,59.6,45,bipedal_tailless,0.0
taillow,70.0,200,0,4,0,15.0,0,0,0,Normal,270,40,55,30,30,30,85,3,0,Blue,1,0.5,Flying,0,0.3,2.3,200,two_wings,1.0
swellow,70.0,45,0,4,0,15.0,0,0,0,Normal,430,60,85,60,50,50,125,3,0,Blue,1,0.5,Flying,0,0.71,19.8,45,two_wings,0.0
wingull,50.0,190,0,4,0,20.0,0,0,0,Water,270,40,30,30,55,30,85,3,0,White,1,0.5,Water_1,0,0.61,9.5,190,two_wings,0.0
pelipper,50.0,45,0,4,0,20.0,0,0,0,Water,430,60,50,100,85,70,65,3,0,Yellow,1,0.5,Water_1,0,1.19,28.0,45,two_wings,5.0
ralts,35.0,235,0,4,0,20.0,0,0,0,Psychic,198,28,25,25,45,35,40,3,0,White,1,0.5,Amorphous,0,0.41,6.6,235,bipedal_tailless,9.0
kirlia,35.0,120,0,4,0,20.0,0,0,0,Psychic,278,38,35,35,65,55,50,3,0,White,1,0.5,Amorphous,0,0.79,20.2,120,bipedal_tailless,2.0
gardevoir,35.0,45,1,4,0,20.0,0,0,0,Psychic,518,68,65,65,125,115,80,3,0,White,1,0.5,Amorphous,1,1.6,48.4,45,bipedal_tailless,9.0
surskit,70.0,200,0,4,0,15.0,0,0,0,Bug,269,40,30,32,50,52,65,3,0,Blue,1,0.5,Water_1,0,0.51,1.7,200,insectoid,1.0
masquerain,70.0,75,0,4,0,15.0,0,0,0,Bug,414,70,60,62,80,82,60,3,0,Blue,1,0.5,Water_1,0,0.79,3.6,75,four_wings,0.0
shroomish,70.0,255,0,4,0,15.0,0,0,0,Grass,295,60,40,60,40,60,35,3,0,Brown,1,0.5,Fairy,0,0.41,4.5,255,head_legs,0.0
breloom,70.0,90,0,4,0,15.0,0,0,0,Grass,460,60,130,80,60,60,70,3,0,Green,1,0.5,Fairy,0,1.19,39.2,90,bipedal_tailed,2.0
slakoth,70.0,255,0,4,0,15.0,0,0,0,Normal,280,60,60,60,35,35,30,3,0,Brown,1,0.5,Field,0,0.79,24.0,255,quadruped,4.0
vigoroth,70.0,120,0,4,0,15.0,0,0,0,Normal,440,80,80,80,55,55,90,3,0,White,1,0.5,Field,0,1.4,46.5,120,bipedal_tailed,0.0
slaking,70.0,45,0,4,0,15.0,0,0,0,Normal,670,150,160,100,95,65,100,3,0,Brown,1,0.5,Field,0,2.01,130.5,45,bipedal_tailless,0.0
nincada,50.0,255,0,4,0,15.0,0,0,0,Bug,266,31,45,90,30,30,40,3,0,Grey,1,0.5,Bug,0,0.51,5.5,255,insectoid,0.0
ninjask,50.0,120,0,4,0,15.0,0,0,0,Bug,456,61,90,45,50,50,160,3,0,Yellow,1,0.5,Bug,0,0.79,12.0,120,four_wings,0.0
shedinja,50.0,45,0,-1,0,15.0,0,0,0,Bug,236,1,90,45,30,30,40,3,0,Brown,0,0.5533773291925466,Mineral,0,0.79,1.2,45,head_base,4.0
whismur,50.0,190,0,4,0,20.0,0,0,0,Normal,240,64,51,23,51,23,28,3,0,Pink,1,0.5,Monster,0,0.61,16.3,190,bipedal_tailed,0.0
loudred,50.0,120,0,4,0,20.0,0,0,0,Normal,360,84,71,43,71,43,48,3,0,Blue,1,0.5,Monster,0,0.99,40.5,120,bipedal_tailed,0.0
exploud,50.0,45,0,4,0,20.0,0,0,0,Normal,490,104,91,63,91,73,68,3,0,Blue,1,0.5,Monster,0,1.5,84.0,45,bipedal_tailed,0.0
makuhita,70.0,180,0,2,0,20.0,0,0,0,Fighting,237,72,60,30,20,30,25,3,0,Yellow,1,0.75,Human-Like,0,0.99,86.4,180,bipedal_tailless,0.0
hariyama,70.0,200,0,2,0,20.0,0,0,0,Fighting,474,144,120,60,40,60,50,3,0,Brown,1,0.75,Human-Like,0,2.31,253.8,200,bipedal_tailless,1.0
azurill,50.0,150,0,6,0,10.0,1,0,0,Normal,190,50,20,40,20,40,20,3,0,Blue,1,0.25,Undiscovered,0,0.2,2.0,150,head_legs,2.0
nosepass,70.0,255,0,4,0,20.0,0,0,0,Rock,375,30,45,135,45,90,30,3,0,Grey,1,0.5,Mineral,0,0.99,97.0,255,bipedal_tailless,1.0
skitty,70.0,255,0,6,0,15.0,0,0,0,Normal,260,50,45,45,35,35,50,3,0,Pink,1,0.25,Field,0,0.61,11.0,255,quadruped,1.0
delcatty,70.0,60,0,6,0,15.0,0,0,0,Normal,380,70,65,65,55,55,70,3,0,Purple,1,0.25,Field,0,1.09,32.6,60,quadruped,0.0
sableye,35.0,45,1,4,0,25.0,0,0,0,Dark,380,50,75,75,65,65,50,3,0,Purple,1,0.5,Human-Like,1,0.51,11.0,45,bipedal_tailless,1.0
mawile,50.0,45,1,4,0,20.0,0,0,0,Steel,380,50,85,85,55,55,50,3,0,Black,1,0.5,Field,1,0.61,11.5,45,bipedal_tailless,3.0
aron,35.0,180,0,4,0,35.0,0,0,0,Steel,330,50,70,100,40,40,30,3,0,Grey,1,0.5,Monster,0,0.41,60.0,180,quadruped,0.0
lairon,35.0,90,0,4,0,35.0,0,0,0,Steel,430,60,90,140,50,50,40,3,0,Grey,1,0.5,Monster,0,0.89,120.0,90,quadruped,0.0
aggron,35.0,45,1,4,0,35.0,0,0,0,Steel,530,70,110,180,60,60,50,3,0,Grey,1,0.5,Monster,1,2.11,360.0,45,bipedal_tailed,2.0
meditite,70.0,180,0,4,1,20.0,0,0,0,Fighting,280,30,40,55,40,55,60,3,0,Blue,1,0.5,Human-Like,0,0.61,11.2,180,bipedal_tailless,2.0
medicham,70.0,90,1,4,1,20.0,0,0,0,Fighting,410,60,60,75,60,75,80,3,0,Red,1,0.5,Human-Like,1,1.3,31.5,90,bipedal_tailless,4.0
electrike,50.0,120,0,4,0,20.0,0,0,0,Electric,295,40,45,40,65,40,65,3,0,Green,1,0.5,Field,0,0.61,15.2,120,quadruped,1.0
manectric,50.0,45,1,4,0,20.0,0,0,0,Electric,475,70,75,60,105,60,105,3,0,Yellow,1,0.5,Field,1,1.5,40.2,45,quadruped,0.0
plusle,70.0,200,0,4,0,20.0,0,0,0,Electric,405,60,50,40,85,75,95,3,0,Yellow,1,0.5,Fairy,0,0.41,4.2,200,bipedal_tailed,0.0
minun,70.0,200,0,4,0,20.0,0,0,0,Electric,405,60,40,50,75,85,95,3,0,Yellow,1,0.5,Fairy,0,0.41,4.2,200,bipedal_tailed,0.0
volbeat,70.0,150,0,0,0,15.0,0,0,0,Bug,400,65,73,55,47,75,85,3,0,Grey,1,1.0,Bug,0,0.71,17.7,150,bipedal_tailed,0.0
illumise,70.0,150,0,8,0,15.0,0,0,0,Bug,400,65,47,55,73,75,85,3,0,Purple,1,0.0,Bug,0,0.61,17.7,150,bipedal_tailless,0.0
roselia,50.0,150,0,4,1,20.0,0,0,0,Grass,400,50,60,45,100,80,65,3,0,Green,1,0.5,Fairy,0,0.3,2.0,150,bipedal_tailless,5.0
gulpin,70.0,225,0,4,1,20.0,0,0,0,Poison,302,70,43,53,43,53,40,3,0,Green,1,0.5,Amorphous,0,0.41,10.3,225,head_arms,0.0
swalot,70.0,75,0,4,1,20.0,0,0,0,Poison,467,100,73,83,73,83,55,3,0,Purple,1,0.5,Amorphous,0,1.7,80.0,75,head_arms,1.0
carvanha,35.0,225,0,4,0,20.0,0,0,0,Water,305,45,90,20,65,20,65,3,0,Red,1,0.5,Water_2,0,0.79,20.8,225,with_fins,1.0
sharpedo,35.0,60,1,4,0,20.0,0,0,0,Water,460,70,120,40,95,40,95,3,0,Blue,1,0.5,Water_2,1,1.8,88.8,60,with_fins,0.0
wailmer,50.0,125,0,4,0,40.0,0,0,0,Water,400,130,70,35,70,35,60,3,0,Blue,1,0.5,Field,0,2.01,130.0,125,with_fins,0.0
wailord,50.0,60,0,4,0,40.0,0,0,0,Water,500,170,90,45,90,45,60,3,0,Blue,1,0.5,Field,0,14.5,398.0,60,with_fins,0.0
numel,70.0,255,0,4,1,20.0,0,0,0,Fire,305,60,60,40,65,45,35,3,0,Yellow,1,0.5,Field,0,0.71,24.0,255,quadruped,1.0
camerupt,70.0,150,1,4,1,20.0,0,0,0,Fire,460,70,100,70,105,75,40,3,0,Red,1,0.5,Field,1,1.91,220.0,150,quadruped,0.0
torkoal,50.0,90,0,4,0,20.0,0,0,0,Fire,470,70,85,140,85,70,20,3,0,Brown,1,0.5,Field,0,0.51,80.4,90,quadruped,1.0
spoink,70.0,255,0,4,0,20.0,0,0,0,Psychic,330,60,25,35,70,80,60,3,0,Black,1,0.5,Field,0,0.71,30.6,255,head_arms,1.0
grumpig,70.0,60,0,4,0,20.0,0,0,0,Psychic,470,80,45,65,90,110,80,3,0,Purple,1,0.5,Field,0,0.89,71.5,60,bipedal_tailed,0.0
spinda,70.0,255,0,4,0,15.0,0,0,0,Normal,360,60,60,60,60,60,60,3,0,Brown,1,0.5,Field,0,1.09,5.0,255,bipedal_tailed,7.0
trapinch,50.0,255,0,4,0,20.0,0,0,0,Ground,290,45,100,45,45,45,10,3,0,Brown,1,0.5,Bug,0,0.71,15.0,255,insectoid,0.0
vibrava,50.0,120,0,4,0,20.0,0,0,0,Ground,340,50,70,50,50,50,70,3,0,Green,1,0.5,Bug,0,1.09,15.3,120,four_wings,3.0
flygon,50.0,45,0,4,0,20.0,0,0,0,Ground,520,80,100,80,80,80,100,3,0,Green,1,0.5,Bug,0,2.01,82.0,45,two_wings,1.0
cacnea,35.0,190,0,4,0,20.0,0,0,0,Grass,335,50,85,40,85,40,35,3,0,Green,1,0.5,Grass,0,0.41,51.3,190,bipedal_tailless,0.0
cacturne,35.0,60,0,4,1,20.0,0,0,0,Grass,475,70,115,60,115,60,55,3,0,Green,1,0.5,Grass,0,1.3,77.4,60,bipedal_tailless,1.0
swablu,50.0,255,0,4,0,20.0,0,0,0,Normal,310,45,40,60,40,75,50,3,0,Blue,1,0.5,Flying,0,0.41,1.2,255,two_wings,1.0
altaria,50.0,45,1,4,0,20.0,0,0,0,Dragon,490,75,70,90,70,105,80,3,0,Blue,1,0.5,Flying,1,1.09,20.6,45,two_wings,6.0
zangoose,70.0,90,0,4,0,20.0,0,0,0,Normal,458,73,115,60,60,60,90,3,0,White,1,0.5,Field,0,1.3,40.3,90,bipedal_tailed,2.0
seviper,70.0,90,0,4,0,20.0,0,0,0,Poison,458,73,100,60,100,60,65,3,0,Black,1,0.5,Field,0,2.69,52.5,90,serpentine_body,0.0
lunatone,50.0,45,0,-1,0,25.0,0,0,0,Rock,440,70,55,65,95,85,70,3,0,Yellow,0,0.5533773291925466,Mineral,0,0.99,168.0,45,head_only,0.0
solrock,50.0,45,0,-1,0,25.0,0,0,0,Rock,440,70,95,85,55,65,70,3,0,Red,0,0.5533773291925466,Mineral,0,1.19,154.0,45,head_only,0.0
barboach,50.0,190,0,4,0,20.0,0,0,0,Water,288,50,48,43,46,41,60,3,0,Grey,1,0.5,Water_2,0,0.41,1.9,190,with_fins,0.0
whiscash,50.0,75,0,4,0,20.0,0,0,0,Water,468,110,78,73,76,71,60,3,0,Blue,1,0.5,Water_2,0,0.89,23.6,75,with_fins,2.0
corphish,50.0,205,0,4,0,15.0,0,0,0,Water,308,43,80,65,50,35,35,3,0,Red,1,0.5,Water_1,0,0.61,11.5,205,insectoid,1.0
crawdaunt,50.0,155,0,4,0,15.0,0,0,0,Water,468,63,120,85,90,55,55,3,0,Red,1,0.5,Water_1,0,1.09,32.8,155,insectoid,0.0
baltoy,50.0,255,0,-1,0,20.0,0,0,0,Ground,300,40,40,55,40,70,55,3,0,Brown,0,0.5533773291925466,Mineral,0,0.51,21.5,255,head_arms,0.0
claydol,50.0,90,0,-1,0,20.0,0,0,0,Ground,500,60,70,105,70,120,75,3,0,Black,0,0.5533773291925466,Mineral,0,1.5,108.0,90,head_arms,0.0
lileep,50.0,45,0,1,0,30.0,0,0,0,Rock,355,66,41,77,61,87,23,3,0,Purple,1,0.875,Water_3,0,0.99,23.8,45,head_base,0.0
cradily,50.0,45,0,1,0,30.0,0,0,0,Rock,495,86,81,97,81,107,43,3,0,Green,1,0.875,Water_3,0,1.5,60.4,45,head_base,0.0
anorith,50.0,45,0,1,0,30.0,0,0,0,Rock,355,45,95,50,40,50,75,3,0,Grey,1,0.875,Water_3,0,0.71,12.5,45,insectoid,2.0
armaldo,50.0,45,0,1,0,30.0,0,0,0,Rock,495,75,125,100,70,80,45,3,0,Grey,1,0.875,Water_3,0,1.5,68.2,45,bipedal_tailed,4.0
feebas,50.0,255,0,4,0,20.0,0,0,0,Water,200,20,15,20,10,55,80,3,0,Brown,1,0.5,Water_1,0,0.61,7.4,255,with_fins,1.0
milotic,50.0,60,0,4,1,20.0,0,0,0,Water,540,95,60,79,100,125,81,3,0,Pink,1,0.5,Water_1,0,6.2,162.0,60,serpentine_body,2.0
castform,70.0,45,1,4,0,25.0,0,0,0,Normal,420,70,70,70,70,70,70,3,0,White,1,0.5,Fairy,0,0.3,0.8,45,head_only,0.0
kecleon,70.0,200,0,4,0,20.0,0,0,0,Normal,440,60,90,70,60,120,40,3,0,Green,1,0.5,Field,0,0.99,22.0,200,bipedal_tailed,0.0
shuppet,35.0,225,0,4,0,25.0,0,0,0,Ghost,295,44,75,35,63,33,45,3,0,Black,1,0.5,Amorphous,0,0.61,2.3,225,head_only,0.0
banette,35.0,45,1,4,0,25.0,0,0,0,Ghost,455,64,115,65,83,63,65,3,0,Black,1,0.5,Amorphous,1,1.09,12.5,45,bipedal_tailed,0.0
duskull,35.0,190,0,4,0,25.0,0,0,0,Ghost,295,20,40,90,30,90,25,3,0,Black,1,0.5,Amorphous,0,0.79,15.0,190,head_arms,1.0
dusclops,35.0,90,0,4,0,25.0,0,0,0,Ghost,455,40,70,130,60,130,25,3,0,Black,1,0.5,Amorphous,0,1.6,30.6,90,bipedal_tailless,0.0
tropius,70.0,200,0,4,0,25.0,0,0,0,Grass,460,99,68,83,72,87,51,3,0,Green,1,0.5,Monster,0,2.01,100.0,200,quadruped,0.0
chimecho,70.0,45,0,4,0,25.0,0,0,0,Psychic,425,65,50,70,95,80,65,3,0,Blue,1,0.5,Amorphous,0,0.61,1.0,45,head_arms,1.0
absol,35.0,30,1,4,0,25.0,0,0,0,Dark,465,65,130,60,75,60,75,3,0,White,1,0.5,Field,1,1.19,47.0,30,quadruped,6.0
wynaut,50.0,125,0,4,0,20.0,1,0,0,Psychic,260,95,23,48,23,48,23,3,0,Blue,1,0.5,Undiscovered,0,0.61,14.0,125,bipedal_tailed,1.0
snorunt,50.0,190,0,4,0,20.0,0,0,0,Ice,300,50,50,50,50,50,50,3,0,Grey,1,0.5,Fairy,0,0.71,16.8,190,bipedal_tailless,2.0
glalie,50.0,75,1,4,0,20.0,0,0,0,Ice,480,80,80,80,80,80,80,3,0,Grey,1,0.5,Fairy,1,1.5,256.5,75,head_only,1.0
spheal,50.0,255,0,4,0,20.0,0,0,0,Ice,290,70,40,50,55,50,25,3,0,Blue,1,0.5,Water_1,0,0.79,39.5,255,with_fins,0.0
sealeo,50.0,120,0,4,0,20.0,0,0,0,Ice,410,90,60,70,75,70,45,3,0,Blue,1,0.5,Water_1,0,1.09,87.6,120,with_fins,0.0
walrein,50.0,45,0,4,0,20.0,0,0,0,Ice,530,110,80,90,95,90,65,3,0,Blue,1,0.5,Water_1,0,1.4,150.6,45,quadruped,0.0
clamperl,70.0,255,0,4,0,20.0,0,0,0,Water,345,35,64,85,74,55,32,3,0,Blue,1,0.5,Water_1,0,0.41,52.5,255,head_only,0.0
huntail,70.0,60,0,4,0,20.0,0,0,0,Water,485,55,104,105,94,75,52,3,0,Blue,1,0.5,Water_1,0,1.7,27.0,60,serpentine_body,0.0
gorebyss,70.0,60,0,4,0,20.0,0,0,0,Water,485,55,84,105,114,75,52,3,0,Pink,1,0.5,Water_1,0,1.8,22.6,60,serpentine_body,0.0
relicanth,50.0,25,0,1,1,40.0,0,0,0,Water,485,100,90,130,45,65,55,3,0,Grey,1,0.875,Water_1,0,0.99,23.4,25,with_fins,4.0
luvdisc,70.0,225,0,6,0,20.0,0,0,0,Water,330,43,30,55,40,65,97,3,0,Pink,1,0.25,Water_2,0,0.61,8.7,225,with_fins,1.0
bagon,35.0,45,0,4,0,40.0,0,0,0,Dragon,300,45,75,60,40,30,50,3,0,Blue,1,0.5,Dragon,0,0.61,42.1,45,bipedal_tailless,7.0
shelgon,35.0,45,0,4,0,40.0,0,0,0,Dragon,420,65,95,100,60,50,50,3,0,White,1,0.5,Dragon,0,1.09,110.5,45,quadruped,0.0
salamence,35.0,45,1,4,0,40.0,0,0,0,Dragon,600,95,135,80,110,80,100,3,0,Blue,1,0.5,Dragon,1,1.5,102.6,45,quadruped,1.0
beldum,35.0,3,0,-1,0,40.0,0,0,0,Steel,300,40,55,80,35,60,30,3,0,Blue,0,0.5533773291925466,Mineral,0,0.61,95.2,3,head_base,0.0
metang,35.0,3,0,-1,0,40.0,0,0,0,Steel,420,60,75,100,55,80,50,3,0,Blue,0,0.5533773291925466,Mineral,0,1.19,202.5,3,head_arms,0.0
metagross,35.0,3,1,-1,0,40.0,0,0,0,Steel,600,80,135,130,95,90,70,3,0,Blue,0,0.5533773291925466,Mineral,1,1.6,550.0,3,multiple_bodies,0.0
regirock,35.0,3,0,-1,0,80.0,0,1,0,Rock,580,80,100,200,50,100,50,3,1,Brown,0,0.5533773291925466,Undiscovered,0,1.7,230.0,3,bipedal_tailless,3.0
regice,35.0,3,0,-1,0,80.0,0,1,0,Ice,580,80,50,100,100,200,50,3,1,Blue,0,0.5533773291925466,Undiscovered,0,1.8,175.0,3,bipedal_tailless,2.0
registeel,35.0,3,0,-1,0,80.0,0,1,0,Steel,580,80,75,150,75,150,50,3,1,Grey,0,0.5533773291925466,Undiscovered,0,1.91,205.0,3,bipedal_tailless,3.0
latias,90.0,3,1,8,0,120.0,0,1,0,Dragon,600,80,80,90,110,130,110,3,1,Red,1,0.0,Undiscovered,1,1.4,40.0,3,two_wings,5.0
latios,90.0,3,1,0,0,120.0,0,1,0,Dragon,600,80,90,80,130,110,110,3,1,Blue,1,1.0,Undiscovered,1,2.01,60.0,3,two_wings,2.0
kyogre,0.0,3,1,-1,0,120.0,0,1,0,Water,670,100,100,90,150,140,90,3,1,Blue,0,0.5533773291925466,Undiscovered,0,4.5,352.0,3,with_fins,17.0
groudon,0.0,3,1,-1,0,120.0,0,1,0,Ground,670,100,150,140,100,90,90,3,1,Red,0,0.5533773291925466,Undiscovered,0,3.51,950.0,3,bipedal_tailed,11.0
rayquaza,0.0,45,1,-1,0,120.0,0,1,0,Dragon,680,105,150,90,150,90,95,3,1,Green,0,0.5533773291925466,Undiscovered,1,7.01,206.5,45,serpentine_body,9.0
jirachi,100.0,3,0,-1,0,120.0,0,0,1,Steel,600,100,100,100,100,100,100,3,1,Yellow,0,0.5533773291925466,Undiscovered,0,0.3,1.1,3,bipedal_tailless,4.0
deoxys,0.0,3,1,-1,0,120.0,0,0,1,Psychic,600,50,150,50,150,50,150,3,1,Red,0,0.5533773291925466,Undiscovered,0,1.7,60.8,3,bipedal_tailless,7.0
turtwig,70.0,45,0,1,0,20.0,0,0,0,Grass,318,55,68,64,45,55,31,4,0,Green,1,0.875,Monster,0,0.41,10.2,45,quadruped,6.0
grotle,70.0,45,0,1,0,20.0,0,0,0,Grass,405,75,89,85,55,65,36,4,0,Green,1,0.875,Monster,0,1.09,97.0,45,quadruped,1.0
torterra,70.0,45,0,1,0,20.0,0,0,0,Grass,525,95,109,105,75,85,56,4,0,Green,1,0.875,Monster,0,2.21,310.0,45,quadruped,6.0
chimchar,70.0,45,0,1,0,20.0,0,0,0,Fire,309,44,58,44,58,44,61,4,0,Brown,1,0.875,Field,0,0.51,6.2,45,bipedal_tailed,4.0
monferno,70.0,45,0,1,0,20.0,0,0,0,Fire,405,64,78,52,78,52,81,4,0,Brown,1,0.875,Field,0,0.89,22.0,45,bipedal_tailed,2.0
infernape,70.0,45,0,1,0,20.0,0,0,0,Fire,534,76,104,71,104,71,108,4,0,Brown,1,0.875,Field,0,1.19,55.0,45,bipedal_tailed,3.0
piplup,70.0,45,0,1,0,20.0,0,0,0,Water,314,53,51,53,61,56,40,4,0,Blue,1,0.875,Water_1,0,0.41,5.2,45,bipedal_tailless,8.0
prinplup,70.0,45,0,1,0,20.0,0,0,0,Water,405,64,66,68,81,76,50,4,0,Blue,1,0.875,Water_1,0,0.79,23.0,45,bipedal_tailed,0.0
empoleon,70.0,45,0,1,0,20.0,0,0,0,Water,530,84,86,88,111,101,60,4,0,Blue,1,0.875,Water_1,0,1.7,84.5,45,bipedal_tailed,1.0
starly,70.0,255,0,4,1,15.0,0,0,0,Normal,245,40,55,30,30,30,60,4,0,Brown,1,0.5,Flying,0,0.3,2.0,255,two_wings,5.0
staravia,70.0,120,0,4,1,15.0,0,0,0,Normal,340,55,75,50,40,40,80,4,0,Brown,1,0.5,Flying,0,0.61,15.5,120,two_wings,1.0
staraptor,70.0,45,0,4,1,15.0,0,0,0,Normal,485,85,120,70,50,60,100,4,0,Brown,1,0.5,Flying,0,1.19,24.9,45,two_wings,1.0
bidoof,70.0,255,0,4,1,15.0,0,0,0,Normal,250,59,45,40,35,40,31,4,0,Brown,1,0.5,Water_1,0,0.51,20.0,255,quadruped,8.0
bibarel,70.0,127,0,4,1,15.0,0,0,0,Normal,410,79,85,60,55,60,71,4,0,Brown,1,0.5,Water_1,0,0.99,31.5,127,bipedal_tailed,0.0
kricketot,70.0,255,0,4,1,15.0,0,0,0,Bug,194,37,25,41,25,41,25,4,0,Red,1,0.5,Bug,0,0.3,2.2,255,bipedal_tailless,0.0
kricketune,70.0,45,0,4,1,15.0,0,0,0,Bug,384,77,85,51,55,51,65,4,0,Red,1,0.5,Bug,0,0.99,25.5,45,four_wings,0.0
shinx,50.0,235,0,4,1,20.0,0,0,0,Electric,263,45,65,34,40,34,45,4,0,Blue,1,0.5,Field,0,0.51,9.5,235,quadruped,8.0
luxio,100.0,120,0,4,1,20.0,0,0,0,Electric,363,60,85,49,60,49,60,4,0,Blue,1,0.5,Field,0,0.89,30.5,120,quadruped,0.0
luxray,50.0,45,0,4,1,20.0,0,0,0,Electric,523,80,120,79,95,79,70,4,0,Blue,1,0.5,Field,0,1.4,42.0,45,quadruped,5.0
budew,50.0,255,0,4,0,20.0,1,0,0,Grass,280,40,30,35,50,70,55,4,0,Green,1,0.5,Undiscovered,0,0.2,1.2,255,bipedal_tailless,1.0
roserade,50.0,75,0,4,1,20.0,0,0,0,Grass,515,60,70,65,125,105,90,4,0,Green,1,0.5,Fairy,0,0.89,14.5,75,bipedal_tailless,1.0
cranidos,70.0,45,0,1,0,30.0,0,0,0,Rock,350,67,125,40,30,30,58,4,0,Blue,1,0.875,Monster,0,0.89,31.5,45,bipedal_tailed,4.0
rampardos,70.0,45,0,1,0,30.0,0,0,0,Rock,495,97,165,60,65,50,58,4,0,Blue,1,0.875,Monster,0,1.6,102.5,45,bipedal_tailed,0.0
shieldon,70.0,45,0,1,0,30.0,0,0,0,Rock,350,30,42,118,42,88,30,4,0,Grey,1,0.875,Monster,0,0.51,57.0,45,quadruped,6.0
bastiodon,70.0,45,0,1,0,30.0,0,0,0,Rock,495,60,52,168,47,138,30,4,0,Grey,1,0.875,Monster,0,1.3,149.5,45,quadruped,0.0
burmy,70.0,120,1,4,0,15.0,0,0,0,Bug,224,40,29,45,29,45,36,4,0,Grey,1,0.5,Bug,0,0.2,3.4,120,head_base,0.0
wormadam,70.0,45,0,8,0,15.0,0,0,0,Bug,424,60,59,85,79,105,36,4,0,Grey,1,0.0,Bug,0,0.51,6.5,45,head_base,0.0
mothim,70.0,45,0,0,0,15.0,0,0,0,Bug,424,70,94,50,94,50,66,4,0,Yellow,1,1.0,Bug,0,0.89,23.3,45,four_wings,1.0
combee,50.0,120,0,1,1,15.0,0,0,0,Bug,244,30,30,42,30,42,70,4,0,Yellow,1,0.875,Bug,0,0.3,5.5,120,multiple_bodies,1.0
vespiquen,50.0,45,0,8,0,15.0,0,0,0,Bug,474,70,80,102,80,102,40,4,0,Yellow,1,0.0,Bug,0,1.19,38.5,45,four_wings,1.0
pachirisu,100.0,200,0,4,1,10.0,0,0,0,Electric,405,60,45,70,45,90,95,4,0,White,1,0.5,Field,0,0.41,3.9,200,quadruped,2.0
buizel,70.0,190,0,4,1,20.0,0,0,0,Water,330,55,65,35,60,30,85,4,0,Brown,1,0.5,Water_1,0,0.71,29.5,190,quadruped,4.0
floatzel,70.0,75,0,4,1,20.0,0,0,0,Water,495,85,105,55,85,50,115,4,0,Brown,1,0.5,Water_1,0,1.09,33.5,75,quadruped,8.0
cherubi,50.0,190,0,4,0,20.0,0,0,0,Grass,275,45,35,45,62,53,35,4,0,Pink,1,0.5,Fairy,0,0.41,3.3,190,multiple_bodies,2.0
cherrim,50.0,75,1,4,0,20.0,0,0,0,Grass,450,70,60,70,87,78,85,4,0,Pink,1,0.5,Fairy,0,0.51,9.3,75,head_legs,0.0
shellos,50.0,190,0,4,0,20.0,0,0,0,Water,325,76,48,48,57,62,34,4,0,Purple,1,0.5,Water_1,0,0.3,6.3,190,serpentine_body,1.0
gastrodon,50.0,75,0,4,0,20.0,0,0,0,Water,475,111,83,68,92,82,39,4,0,Purple,1,0.5,Water_1,0,0.89,29.9,75,serpentine_body,5.0
ambipom,100.0,45,0,4,1,20.0,0,0,0,Normal,482,75,100,66,60,66,115,4,0,Purple,1,0.5,Field,0,1.19,20.3,45,bipedal_tailed,0.0
drifloon,50.0,125,0,4,0,30.0,0,0,0,Ghost,348,90,50,34,60,44,70,4,0,Purple,1,0.5,Amorphous,0,0.41,1.2,125,head_arms,3.0
drifblim,50.0,60,0,4,0,30.0,0,0,0,Ghost,498,150,80,44,90,54,80,4,0,Purple,1,0.5,Amorphous,0,1.19,15.0,60,head_arms,1.0
buneary,0.0,190,0,4,0,20.0,0,0,0,Normal,350,55,66,44,44,56,85,4,0,Brown,1,0.5,Field,0,0.41,5.5,190,bipedal_tailed,0.0
lopunny,140.0,60,1,4,0,20.0,0,0,0,Normal,480,65,76,84,54,96,105,4,0,Brown,1,0.5,Field,1,1.19,33.3,60,bipedal_tailed,2.0
mismagius,35.0,45,0,4,0,25.0,0,0,0,Ghost,495,60,60,60,105,105,105,4,0,Purple,1,0.5,Amorphous,0,0.89,4.4,45,head_only,0.0
honchkrow,35.0,30,0,4,0,20.0,0,0,0,Dark,505,100,125,52,105,52,71,4,0,Black,1,0.5,Flying,0,0.89,27.3,30,two_wings,2.0
glameow,70.0,190,0,6,0,20.0,0,0,0,Normal,310,49,55,42,42,37,85,4,0,Grey,1,0.25,Field,0,0.51,3.9,190,quadruped,1.0
purugly,70.0,75,0,6,0,20.0,0,0,0,Normal,452,71,82,64,64,59,112,4,0,Grey,1,0.25,Field,0,0.99,43.8,75,quadruped,0.0
chingling,70.0,120,0,4,0,25.0,1,0,0,Psychic,285,45,30,50,65,50,45,4,0,Yellow,1,0.5,Undiscovered,0,0.2,0.6,120,bipedal_tailless,0.0
stunky,50.0,225,0,4,0,20.0,0,0,0,Poison,329,63,63,47,41,41,74,4,0,Purple,1,0.5,Field,0,0.41,19.2,225,quadruped,1.0
skuntank,50.0,60,0,4,0,20.0,0,0,0,Poison,479,103,93,67,71,61,84,4,0,Purple,1,0.5,Field,0,0.99,38.0,60,quadruped,0.0
bronzor,50.0,255,0,-1,0,20.0,0,0,0,Steel,300,57,24,86,24,86,23,4,0,Green,0,0.5533773291925466,Mineral,0,0.51,60.5,255,head_only,0.0
bronzong,50.0,90,0,-1,0,20.0,0,0,0,Steel,500,67,89,116,79,116,33,4,0,Green,0,0.5533773291925466,Mineral,0,1.3,187.0,90,head_arms,3.0
bonsly,50.0,255,0,4,0,20.0,1,0,0,Rock,290,50,80,95,10,45,10,4,0,Brown,1,0.5,Undiscovered,0,0.51,15.0,255,head_legs,3.0
happiny,140.0,130,0,8,0,40.0,1,0,0,Normal,220,100,5,5,15,65,30,4,0,Pink,1,0.0,Undiscovered,0,0.61,24.4,130,bipedal_tailless,2.0
chatot,35.0,30,0,4,0,20.0,0,0,0,Normal,411,76,65,45,92,42,91,4,0,Black,1,0.5,Flying,0,0.51,1.9,30,two_wings,1.0
spiritomb,50.0,100,0,4,0,30.0,0,0,0,Ghost,485,50,92,108,92,108,35,4,0,Purple,1,0.5,Amorphous,0,0.99,108.0,100,head_base,2.0
gible,50.0,45,0,4,1,40.0,0,0,0,Dragon,300,58,70,45,40,45,42,4,0,Blue,1,0.5,Monster,0,0.71,20.5,45,bipedal_tailed,10.0
gabite,50.0,45,0,4,1,40.0,0,0,0,Dragon,410,68,90,65,50,55,82,4,0,Blue,1,0.5,Monster,0,1.4,56.0,45,bipedal_tailed,4.0
garchomp,50.0,45,1,4,1,40.0,0,0,0,Dragon,600,108,130,95,80,85,102,4,0,Blue,1,0.5,Monster,1,1.91,95.0,45,bipedal_tailed,20.0
munchlax,50.0,50,0,1,0,40.0,1,0,0,Normal,390,135,85,40,40,85,5,4,0,Black,1,0.875,Undiscovered,0,0.61,105.0,50,bipedal_tailless,3.0
riolu,50.0,75,0,1,0,25.0,1,0,0,Fighting,285,40,70,40,35,40,60,4,0,Blue,1,0.875,Undiscovered,0,0.71,20.2,75,bipedal_tailed,1.0
lucario,50.0,45,1,1,0,25.0,0,0,0,Fighting,525,70,110,70,115,70,90,4,0,Blue,1,0.875,Field,1,1.19,54.0,45,bipedal_tailed,22.0
hippopotas,50.0,140,0,4,1,30.0,0,0,0,Ground,330,68,72,78,38,42,32,4,0,Brown,1,0.5,Field,0,0.79,49.5,140,quadruped,0.0
hippowdon,50.0,60,0,4,1,30.0,0,0,0,Ground,525,108,112,118,68,72,47,4,0,Brown,1,0.5,Field,0,2.01,300.0,60,quadruped,7.0
skorupi,50.0,120,0,4,0,20.0,0,0,0,Poison,330,40,50,90,30,55,65,4,0,Purple,1,0.5,Bug,0,0.79,12.0,120,insectoid,0.0
drapion,50.0,45,0,4,0,20.0,0,0,0,Poison,500,70,90,110,60,75,95,4,0,Purple,1,0.5,Bug,0,1.3,61.5,45,insectoid,0.0
croagunk,100.0,140,0,4,1,10.0,0,0,0,Poison,300,48,61,40,61,40,50,4,0,Blue,1,0.5,Human-Like,0,0.71,23.0,140,bipedal_tailless,3.0
toxicroak,50.0,75,0,4,1,20.0,0,0,0,Poison,490,83,106,65,86,65,85,4,0,Blue,1,0.5,Human-Like,0,1.3,44.4,75,bipedal_tailless,2.0
carnivine,70.0,200,0,4,0,25.0,0,0,0,Grass,454,74,100,72,90,72,46,4,0,Green,1,0.5,Grass,0,1.4,27.0,200,several_limbs,0.0
finneon,70.0,190,0,4,1,20.0,0,0,0,Water,330,49,49,56,49,61,66,4,0,Blue,1,0.5,Water_2,0,0.41,7.0,190,with_fins,1.0
lumineon,70.0,75,0,4,1,20.0,0,0,0,Water,460,69,69,76,69,86,91,4,0,Blue,1,0.5,Water_2,0,1.19,24.0,75,with_fins,1.0
mantyke,50.0,25,0,4,0,25.0,1,0,0,Water,345,45,20,50,60,120,50,4,0,Blue,1,0.5,Undiscovered,0,0.99,65.0,25,two_wings,3.0
snover,50.0,120,0,4,1,20.0,0,0,0,Grass,334,60,62,50,62,60,40,4,0,White,1,0.5,Monster,0,0.99,50.5,120,bipedal_tailed,0.0
abomasnow,50.0,60,1,4,1,20.0,0,0,0,Grass,494,90,92,75,92,85,60,4,0,White,1,0.5,Monster,1,2.21,135.5,60,bipedal_tailed,1.0
weavile,35.0,45,0,4,1,20.0,0,0,0,Dark,510,70,120,65,45,85,125,4,0,Black,1,0.5,Field,0,1.09,34.0,45,bipedal_tailed,5.0
magnezone,50.0,30,0,-1,0,20.0,0,0,0,Electric,535,70,70,115,130,90,60,4,0,Grey,0,0.5533773291925466,Mineral,0,1.19,180.0,30,head_arms,9.0
lickilicky,50.0,30,0,4,0,20.0,0,0,0,Normal,515,110,85,95,80,95,50,4,0,Pink,1,0.5,Monster,0,1.7,140.0,30,bipedal_tailless,0.0
rhyperior,50.0,30,0,4,1,20.0,0,0,0,Ground,535,115,140,130,55,55,40,4,0,Grey,1,0.5,Monster,0,2.39,282.8,30,bipedal_tailed,1.0
tangrowth,50.0,30,0,4,1,20.0,0,0,0,Grass,535,100,100,125,110,50,50,4,0,Blue,1,0.5,Grass,0,2.01,128.6,30,bipedal_tailless,0.0
electivire,50.0,30,0,2,0,25.0,0,0,0,Electric,540,75,123,67,95,85,95,4,0,Yellow,1,0.75,Human-Like,0,1.8,138.6,30,bipedal_tailed,1.0
magmortar,50.0,30,0,2,0,25.0,0,0,0,Fire,540,75,95,67,125,95,83,4,0,Red,1,0.75,Human-Like,0,1.6,68.0,30,bipedal_tailed,0.0
togekiss,50.0,30,0,1,0,10.0,0,0,0,Fairy,545,85,50,95,120,115,80,4,0,White,1,0.875,Flying,0,1.5,38.0,30,two_wings,4.0
yanmega,70.0,30,0,4,0,20.0,0,0,0,Bug,515,86,76,86,116,56,95,4,0,Green,1,0.5,Bug,0,1.91,51.5,30,four_wings,2.0
leafeon,35.0,45,0,1,0,35.0,0,0,0,Grass,525,65,110,130,60,65,95,4,0,Green,1,0.875,Field,0,0.99,25.5,45,quadruped,21.0
glaceon,35.0,45,0,1,0,35.0,0,0,0,Ice,525,65,60,110,130,95,65,4,0,Blue,1,0.875,Field,0,0.79,25.9,45,quadruped,19.0
gliscor,70.0,30,0,4,0,20.0,0,0,0,Ground,510,75,95,125,45,75,95,4,0,Purple,1,0.5,Bug,0,2.01,42.5,30,two_wings,4.0
mamoswine,50.0,50,0,4,1,20.0,0,0,0,Ice,530,110,130,80,70,60,80,4,0,Brown,1,0.5,Field,0,2.49,291.0,50,quadruped,0.0
porygon-z,50.0,30,0,-1,0,20.0,0,0,0,Normal,535,85,80,70,135,75,90,4,0,Red,0,0.5533773291925466,Mineral,0,0.89,34.0,30,head_arms,3.0
gallade,35.0,45,1,0,0,20.0,0,0,0,Psychic,518,68,125,65,65,115,80,4,0,White,1,1.0,Amorphous,1,1.6,52.0,45,bipedal_tailless,3.0
probopass,70.0,60,0,4,0,20.0,0,0,0,Rock,525,60,55,145,75,150,40,4,0,Grey,1,0.5,Mineral,0,1.4,340.0,60,multiple_bodies,0.0
dusknoir,35.0,45,0,4,0,25.0,0,0,0,Ghost,525,45,100,135,65,135,45,4,0,Black,1,0.5,Amorphous,0,2.21,106.6,45,head_arms,2.0
froslass,50.0,75,0,8,0,20.0,0,0,0,Ice,480,70,80,70,80,70,110,4,0,White,1,0.0,Fairy,0,1.3,26.6,75,head_arms,1.0
rotom,50.0,45,1,-1,0,20.0,0,0,0,Electric,440,50,50,77,95,77,91,4,0,Red,0,0.5533773291925466,Amorphous,0,0.3,0.3,45,head_only,15.0
uxie,140.0,3,0,-1,0,80.0,0,1,0,Psychic,580,75,75,130,75,130,95,4,1,Yellow,0,0.5533773291925466,Undiscovered,0,0.3,0.3,3,bipedal_tailed,17.0
mesprit,140.0,3,0,-1,0,80.0,0,1,0,Psychic,580,80,105,105,105,105,80,4,1,Pink,0,0.5533773291925466,Undiscovered,0,0.3,0.3,3,bipedal_tailed,2.0
azelf,140.0,3,0,-1,0,80.0,0,1,0,Psychic,580,75,125,70,125,70,115,4,1,Blue,0,0.5533773291925466,Undiscovered,0,0.3,0.3,3,bipedal_tailed,5.0
dialga,0.0,3,0,-1,0,120.0,0,1,0,Steel,680,100,120,120,150,100,90,4,1,White,0,0.5533773291925466,Undiscovered,0,5.41,683.0,3,quadruped,16.0
palkia,0.0,3,0,-1,0,120.0,0,1,0,Water,680,90,120,100,150,120,100,4,1,Purple,0,0.5533773291925466,Undiscovered,0,4.19,336.0,3,bipedal_tailed,14.0
heatran,100.0,3,0,4,0,10.0,0,1,0,Fire,600,91,90,106,130,106,77,4,1,Brown,1,0.5,Undiscovered,0,1.7,430.0,3,quadruped,3.0
regigigas,0.0,3,0,-1,0,120.0,0,1,0,Normal,670,110,160,110,80,110,100,4,1,White,0,0.5533773291925466,Undiscovered,0,3.71,420.0,3,bipedal_tailless,8.0
giratina,0.0,3,1,-1,0,120.0,0,1,0,Ghost,680,150,120,100,120,100,90,4,1,Black,0,0.5533773291925466,Undiscovered,0,6.91,650.0,3,serpentine_body,16.0
cresselia,100.0,3,0,8,0,120.0,0,1,0,Psychic,600,120,70,120,75,130,85,4,0,Yellow,1,0.0,Undiscovered,0,1.5,85.6,3,serpentine_body,0.0
phione,70.0,30,0,-1,0,40.0,0,0,1,Water,480,80,80,80,80,80,80,4,0,Blue,0,0.5533773291925466,Water_1,0,0.41,3.1,30,head_arms,2.0
manaphy,70.0,3,0,-1,0,10.0,0,0,1,Water,600,100,100,100,100,100,100,4,0,Blue,0,0.5533773291925466,Water_1,0,0.3,1.4,3,bipedal_tailless,1.0
darkrai,0.0,3,0,-1,0,120.0,0,0,1,Dark,600,70,90,90,135,90,125,4,1,Black,0,0.5533773291925466,Undiscovered,0,1.5,50.5,3,bipedal_tailless,3.0
shaymin,100.0,45,1,-1,0,120.0,0,0,1,Grass,600,100,100,100,100,100,100,4,1,Green,0,0.5533773291925466,Undiscovered,0,0.2,2.1,45,quadruped,3.0
arceus,0.0,3,1,-1,0,120.0,0,0,1,Normal,720,120,120,120,120,120,120,4,1,Grey,0,0.5533773291925466,Undiscovered,0,3.2,320.0,3,quadruped,76.0
victini,100.0,3,0,-1,0,120.0,0,0,1,Psychic,600,100,100,100,100,100,100,5,1,Yellow,0,0.5533773291925466,Undiscovered,0,0.41,4.0,3,bipedal_tailless,7.0
snivy,70.0,45,0,1,0,20.0,0,0,0,Grass,308,45,45,55,45,55,63,5,0,Green,1,0.875,Field,0,0.61,8.1,45,bipedal_tailed,5.0
servine,70.0,45,0,1,0,20.0,0,0,0,Grass,413,60,60,75,60,75,83,5,0,Green,1,0.875,Field,0,0.79,16.0,45,bipedal_tailed,1.0
serperior,70.0,45,0,1,0,20.0,0,0,0,Grass,528,75,75,95,75,95,113,5,0,Green,1,0.875,Field,0,3.3,63.0,45,serpentine_body,0.0
tepig,70.0,45,0,1,0,20.0,0,0,0,Fire,308,65,63,45,45,45,45,5,0,Red,1,0.875,Field,0,0.51,9.9,45,quadruped,2.0
pignite,70.0,45,0,1,0,20.0,0,0,0,Fire,418,90,93,55,70,55,55,5,0,Red,1,0.875,Field,0,0.99,55.5,45,bipedal_tailed,5.0
emboar,70.0,45,0,1,0,20.0,0,0,0,Fire,528,110,123,65,100,65,65,5,0,Red,1,0.875,Field,0,1.6,150.0,45,bipedal_tailed,0.0
oshawott,70.0,45,0,1,0,20.0,0,0,0,Water,308,55,55,45,63,45,45,5,0,Blue,1,0.875,Field,0,0.51,5.9,45,bipedal_tailed,12.0
dewott,70.0,45,0,1,0,20.0,0,0,0,Water,413,75,75,60,83,60,60,5,0,Blue,1,0.875,Field,0,0.79,24.5,45,bipedal_tailed,1.0
samurott,70.0,45,0,1,0,20.0,0,0,0,Water,528,95,100,85,108,70,70,5,0,Blue,1,0.875,Field,0,1.5,94.6,45,quadruped,2.0
patrat,70.0,255,0,4,0,15.0,0,0,0,Normal,255,45,55,39,35,39,42,5,0,Brown,1,0.5,Field,0,0.51,11.6,255,quadruped,0.0
watchog,70.0,255,0,4,0,20.0,0,0,0,Normal,420,60,85,69,60,69,77,5,0,Brown,1,0.5,Field,0,1.09,27.0,255,bipedal_tailed,0.0
lillipup,50.0,255,0,4,0,15.0,0,0,0,Normal,275,45,60,45,25,45,55,5,0,Brown,1,0.5,Field,0,0.41,4.1,255,quadruped,0.0
herdier,50.0,120,0,4,0,15.0,0,0,0,Normal,370,65,80,65,35,65,60,5,0,Grey,1,0.5,Field,0,0.89,14.7,120,quadruped,0.0
stoutland,50.0,45,0,4,0,15.0,0,0,0,Normal,500,85,110,90,45,90,80,5,0,Grey,1,0.5,Field,0,1.19,61.0,45,quadruped,0.0
purrloin,50.0,255,0,4,0,20.0,0,0,0,Dark,281,41,50,37,50,37,66,5,0,Purple,1,0.5,Field,0,0.41,10.1,255,quadruped,0.0
liepard,50.0,90,0,4,0,20.0,0,0,0,Dark,446,64,88,50,88,50,106,5,0,Purple,1,0.5,Field,0,1.09,37.5,90,quadruped,0.0
pansage,70.0,190,0,1,0,20.0,0,0,0,Grass,316,50,53,48,53,48,64,5,0,Green,1,0.875,Field,0,0.61,10.5,190,bipedal_tailed,3.0
simisage,70.0,75,0,1,0,20.0,0,0,0,Grass,498,75,98,63,98,63,101,5,0,Green,1,0.875,Field,0,1.09,30.5,75,bipedal_tailed,3.0
pansear,70.0,190,0,1,0,20.0,0,0,0,Fire,316,50,53,48,53,48,64,5,0,Red,1,0.875,Field,0,0.61,11.0,190,bipedal_tailed,0.0
simisear,70.0,75,0,1,0,20.0,0,0,0,Fire,498,75,98,63,98,63,101,5,0,Red,1,0.875,Field,0,0.99,28.0,75,bipedal_tailed,3.0
panpour,70.0,190,0,1,0,20.0,0,0,0,Water,316,50,53,48,53,48,64,5,0,Blue,1,0.875,Field,0,0.61,13.5,190,bipedal_tailed,0.0
simipour,70.0,75,0,1,0,20.0,0,0,0,Water,498,75,98,63,98,63,101,5,0,Blue,1,0.875,Field,0,0.99,29.0,75,bipedal_tailed,4.0
munna,50.0,190,0,4,0,10.0,0,0,0,Psychic,292,76,25,45,67,55,24,5,0,Pink,1,0.5,Field,0,0.61,23.3,190,quadruped,0.0
musharna,50.0,75,0,4,0,10.0,0,0,0,Psychic,487,116,55,85,107,95,29,5,0,Pink,1,0.5,Field,0,1.09,60.5,75,bipedal_tailless,1.0
pidove,50.0,255,0,4,0,15.0,0,0,0,Normal,264,50,55,50,36,30,43,5,0,Grey,1,0.5,Flying,0,0.3,2.1,255,two_wings,1.0
tranquill,50.0,120,0,4,0,15.0,0,0,0,Normal,358,62,77,62,50,42,65,5,0,Grey,1,0.5,Flying,0,0.61,15.0,120,two_wings,1.0
unfezant,50.0,45,0,4,1,15.0,0,0,0,Normal,488,80,115,80,65,55,93,5,0,Grey,1,0.5,Flying,0,1.19,29.0,45,two_wings,1.0
blitzle,70.0,190,0,4,0,20.0,0,0,0,Electric,295,45,60,32,50,32,76,5,0,Black,1,0.5,Field,0,0.79,29.8,190,quadruped,1.0
zebstrika,70.0,75,0,4,0,20.0,0,0,0,Electric,497,75,100,63,80,63,116,5,0,Black,1,0.5,Field,0,1.6,79.5,75,quadruped,0.0
roggenrola,50.0,255,0,4,0,15.0,0,0,0,Rock,280,55,75,85,25,25,15,5,0,Blue,1,0.5,Mineral,0,0.41,18.0,255,head_legs,1.0
boldore,50.0,120,0,4,0,15.0,0,0,0,Rock,390,70,105,105,50,40,20,5,0,Blue,1,0.5,Mineral,0,0.89,102.0,120,several_limbs,3.0
gigalith,50.0,45,0,4,0,15.0,0,0,0,Rock,515,85,135,130,60,80,25,5,0,Blue,1,0.5,Mineral,0,1.7,260.0,45,several_limbs,0.0
woobat,50.0,190,0,4,0,15.0,0,0,0,Psychic,313,55,45,43,55,43,72,5,0,Blue,1,0.5,Field,0,0.41,2.1,190,two_wings,0.0
swoobat,50.0,45,0,4,0,15.0,0,0,0,Psychic,425,67,57,55,77,55,114,5,0,Blue,1,0.5,Field,0,0.89,10.5,45,two_wings,0.0
drilbur,50.0,120,0,4,0,20.0,0,0,0,Ground,328,60,85,40,30,45,68,5,0,Grey,1,0.5,Field,0,0.3,8.5,120,bipedal_tailed,0.0
excadrill,50.0,60,0,4,0,20.0,0,0,0,Ground,508,110,135,60,50,65,88,5,0,Grey,1,0.5,Field,0,0.71,40.4,60,bipedal_tailless,1.0
audino,50.0,255,1,4,0,20.0,0,0,0,Normal,445,103,60,86,60,86,50,5,0,Pink,1,0.5,Fairy,1,1.09,31.0,255,bipedal_tailed,1.0
timburr,70.0,180,0,2,0,20.0,0,0,0,Fighting,305,75,80,55,25,35,35,5,0,Grey,1,0.75,Human-Like,0,0.61,12.5,180,bipedal_tailless,0.0
gurdurr,50.0,90,0,2,0,20.0,0,0,0,Fighting,405,85,105,85,40,50,40,5,0,Grey,1,0.75,Human-Like,0,1.19,40.0,90,bipedal_tailless,0.0
conkeldurr,50.0,45,0,2,0,20.0,0,0,0,Fighting,505,105,140,95,55,65,45,5,0,Grey,1,0.75,Human-Like,0,1.4,87.0,45,bipedal_tailless,0.0
tympole,50.0,255,0,4,0,20.0,0,0,0,Water,294,50,50,40,50,40,64,5,0,Blue,1,0.5,Water_1,0,0.51,4.5,255,with_fins,0.0
palpitoad,50.0,120,0,4,0,20.0,0,0,0,Water,384,75,65,55,65,55,69,5,0,Blue,1,0.5,Water_1,0,0.79,17.0,120,bipedal_tailed,1.0
seismitoad,50.0,45,0,4,0,20.0,0,0,0,Water,509,105,95,75,85,75,74,5,0,Blue,1,0.5,Water_1,0,1.5,62.0,45,bipedal_tailless,2.0
throh,50.0,45,0,0,0,20.0,0,0,0,Fighting,465,120,100,85,30,85,45,5,0,Red,1,1.0,Human-Like,0,1.3,55.5,45,bipedal_tailless,1.0
sawk,50.0,45,0,0,0,20.0,0,0,0,Fighting,465,75,125,75,30,75,85,5,0,Blue,1,1.0,Human-Like,0,1.4,51.0,45,bipedal_tailless,1.0
sewaddle,70.0,255,0,4,0,15.0,0,0,0,Bug,310,45,53,70,40,60,42,5,0,Yellow,1,0.5,Bug,0,0.3,2.5,255,insectoid,2.0
swadloon,70.0,120,0,4,0,15.0,0,0,0,Bug,380,55,63,90,50,80,42,5,0,Green,1,0.5,Bug,0,0.51,7.3,120,head_arms,5.0
leavanny,70.0,45,0,4,0,15.0,0,0,0,Bug,500,75,103,80,70,80,92,5,0,Yellow,1,0.5,Bug,0,1.19,20.5,45,bipedal_tailless,1.0
venipede,50.0,255,0,4,0,15.0,0,0,0,Bug,260,30,45,59,30,39,57,5,0,Red,1,0.5,Bug,0,0.41,5.3,255,insectoid,0.0
whirlipede,50.0,120,0,4,0,15.0,0,0,0,Bug,360,40,55,99,40,79,47,5,0,Grey,1,0.5,Bug,0,1.19,58.5,120,head_only,0.0
scolipede,50.0,45,0,4,0,20.0,0,0,0,Bug,485,60,100,89,55,69,112,5,0,Red,1,0.5,Bug,0,2.49,200.5,45,insectoid,3.0
cottonee,50.0,190,0,4,0,20.0,0,0,0,Grass,280,40,27,60,37,50,66,5,0,Green,1,0.5,Grass,0,0.3,0.6,190,head_only,1.0
whimsicott,50.0,75,0,4,0,20.0,0,0,0,Grass,480,60,67,85,77,75,116,5,0,Green,1,0.5,Grass,0,0.71,6.6,75,bipedal_tailless,0.0
petilil,50.0,190,0,8,0,20.0,0,0,0,Grass,280,45,35,50,70,50,30,5,0,Green,1,0.0,Grass,0,0.51,6.6,190,head_base,0.0
lilligant,50.0,75,0,8,0,20.0,0,0,0,Grass,480,70,60,75,110,75,90,5,0,Green,1,0.0,Grass,0,1.09,16.3,75,head_base,1.0
basculin,50.0,25,0,4,0,40.0,0,0,0,Water,460,70,92,65,80,55,98,5,0,Green,1,0.5,Water_2,0,0.99,18.0,25,with_fins,1.0
sandile,50.0,180,0,4,0,20.0,0,0,0,Ground,292,50,72,35,35,35,65,5,0,Brown,1,0.5,Field,0,0.71,15.2,180,quadruped,0.0
krokorok,50.0,90,0,4,0,20.0,0,0,0,Ground,351,60,82,45,45,45,74,5,0,Brown,1,0.5,Field,0,0.99,33.4,90,quadruped,0.0
krookodile,50.0,45,0,4,0,20.0,0,0,0,Ground,519,95,117,80,65,70,92,5,0,Red,1,0.5,Field,0,1.5,96.3,45,bipedal_tailed,6.0
darumaka,50.0,120,0,4,0,20.0,0,0,0,Fire,315,70,90,45,15,45,50,5,0,Red,1,0.5,Field,0,0.61,37.5,120,bipedal_tailless,0.0
darmanitan,50.0,60,1,4,0,20.0,0,0,0,Fire,480,105,140,55,30,55,95,5,0,Red,1,0.5,Field,0,1.3,92.9,60,quadruped,0.0
maractus,50.0,255,0,4,0,20.0,0,0,0,Grass,461,75,86,67,106,67,60,5,0,Green,1,0.5,Grass,0,0.99,28.0,255,head_base,0.0
dwebble,50.0,190,0,4,0,20.0,0,0,0,Bug,325,50,65,85,35,35,55,5,0,Red,1,0.5,Bug,0,0.3,14.5,190,insectoid,0.0
crustle,50.0,75,0,4,0,20.0,0,0,0,Bug,475,70,95,125,65,75,45,5,0,Red,1,0.5,Bug,0,1.4,200.0,75,insectoid,0.0
scraggy,35.0,180,0,4,0,15.0,0,0,0,Dark,348,50,75,70,35,70,48,5,0,Yellow,1,0.5,Field,0,0.61,11.8,180,bipedal_tailed,1.0
scrafty,50.0,90,0,4,0,15.0,0,0,0,Dark,488,65,90,115,45,115,58,5,0,Red,1,0.5,Field,0,1.09,30.0,90,bipedal_tailed,2.0
sigilyph,50.0,45,0,4,0,20.0,0,0,0,Psychic,490,72,58,80,103,80,97,5,0,Black,1,0.5,Flying,0,1.4,14.0,45,two_wings,0.0
yamask,50.0,190,0,4,0,25.0,0,0,0,Ghost,303,38,30,85,55,65,30,5,0,Black,1,0.5,Mineral,0,0.51,1.5,190,head_arms,3.0
cofagrigus,50.0,90,0,4,0,25.0,0,0,0,Ghost,483,58,50,145,95,105,30,5,0,Yellow,1,0.5,Mineral,0,1.7,76.5,90,head_base,3.0
tirtouga,50.0,45,0,1,0,30.0,0,0,0,Water,355,54,78,103,53,45,22,5,0,Blue,1,0.875,Water_1,0,0.71,16.5,45,quadruped,2.0
carracosta,50.0,45,0,1,0,30.0,0,0,0,Water,495,74,108,133,83,65,32,5,0,Blue,1,0.875,Water_1,0,1.19,81.0,45,bipedal_tailed,0.0
archen,50.0,45,0,1,0,30.0,0,0,0,Rock,401,55,112,45,74,45,70,5,0,Yellow,1,0.875,Flying,0,0.51,9.5,45,two_wings,2.0
archeops,50.0,45,0,1,0,30.0,0,0,0,Rock,567,75,140,65,112,65,110,5,0,Yellow,1,0.875,Flying,0,1.4,32.0,45,two_wings,0.0
trubbish,50.0,190,0,4,0,20.0,0,0,0,Poison,329,50,50,62,40,62,65,5,0,Green,1,0.5,Mineral,0,0.61,31.0,190,bipedal_tailless,0.0
garbodor,50.0,60,0,4,0,20.0,0,0,0,Poison,474,80,95,82,60,82,75,5,0,Green,1,0.5,Mineral,0,1.91,107.3,60,bipedal_tailless,0.0
zorua,50.0,75,0,1,0,25.0,0,0,0,Dark,330,40,65,40,80,40,65,5,0,Grey,1,0.875,Field,0,0.71,12.5,75,quadruped,6.0
zoroark,50.0,45,0,1,0,20.0,0,0,0,Dark,510,60,105,60,120,60,105,5,0,Grey,1,0.875,Field,0,1.6,81.1,45,bipedal_tailed,8.0
minccino,50.0,255,0,6,0,15.0,0,0,0,Normal,300,55,50,40,40,40,75,5,0,Grey,1,0.25,Field,0,0.41,5.8,255,quadruped,0.0
cinccino,50.0,60,0,6,0,15.0,0,0,0,Normal,470,75,95,60,65,60,115,5,0,Grey,1,0.25,Field,0,0.51,7.5,60,quadruped,0.0
gothita,50.0,200,0,6,0,20.0,0,0,0,Psychic,290,45,30,50,55,65,45,5,0,Purple,1,0.25,Human-Like,0,0.41,5.8,200,bipedal_tailless,0.0
gothorita,50.0,100,0,6,0,20.0,0,0,0,Psychic,390,60,45,70,75,85,55,5,0,Purple,1,0.25,Human-Like,0,0.71,18.0,100,bipedal_tailless,0.0
gothitelle,50.0,50,0,6,0,20.0,0,0,0,Psychic,490,70,55,95,95,110,65,5,0,Purple,1,0.25,Human-Like,0,1.5,44.0,50,bipedal_tailless,0.0
solosis,50.0,200,0,4,0,20.0,0,0,0,Psychic,290,45,30,40,105,50,20,5,0,Green,1,0.5,Amorphous,0,0.3,1.0,200,head_only,0.0
duosion,50.0,100,0,4,0,20.0,0,0,0,Psychic,370,65,40,50,125,60,30,5,0,Green,1,0.5,Amorphous,0,0.61,8.0,100,head_only,0.0
reuniclus,50.0,50,0,4,0,20.0,0,0,0,Psychic,490,110,65,75,125,85,30,5,0,Green,1,0.5,Amorphous,0,0.99,20.1,50,head_arms,1.0
ducklett,70.0,190,0,4,0,20.0,0,0,0,Water,305,62,44,50,44,50,55,5,0,Blue,1,0.5,Water_1,0,0.51,5.5,190,two_wings,2.0
swanna,70.0,45,0,4,0,20.0,0,0,0,Water,473,75,87,63,87,63,98,5,0,White,1,0.5,Water_1,0,1.3,24.2,45,two_wings,0.0
vanillite,50.0,255,0,4,0,20.0,0,0,0,Ice,305,36,50,50,65,60,44,5,0,White,1,0.5,Mineral,0,0.41,5.7,255,head_base,0.0
vanillish,50.0,120,0,4,0,20.0,0,0,0,Ice,395,51,65,65,80,75,59,5,0,White,1,0.5,Mineral,0,1.09,41.0,120,head_base,0.0
vanilluxe,50.0,45,0,4,0,20.0,0,0,0,Ice,535,71,95,85,110,95,79,5,0,White,1,0.5,Mineral,0,1.3,57.5,45,multiple_bodies,0.0
deerling,70.0,190,1,4,0,20.0,0,0,0,Normal,335,60,60,50,40,50,75,5,0,Yellow,1,0.5,Field,0,0.61,19.5,190,quadruped,0.0
sawsbuck,70.0,75,1,4,0,20.0,0,0,0,Normal,475,80,100,70,60,70,95,5,0,Brown,1,0.5,Field,0,1.91,92.5,75,quadruped,1.0
emolga,50.0,200,0,4,0,20.0,0,0,0,Electric,428,55,75,60,75,60,103,5,0,White,1,0.5,Field,0,0.41,5.0,200,quadruped,6.0
karrablast,50.0,200,0,4,0,15.0,0,0,0,Bug,315,50,75,45,40,45,60,5,0,Blue,1,0.5,Bug,0,0.51,5.9,200,bipedal_tailless,2.0
escavalier,50.0,75,0,4,0,15.0,0,0,0,Bug,495,70,135,105,60,105,20,5,0,Grey,1,0.5,Bug,0,0.99,33.0,75,head_arms,0.0
foongus,50.0,190,0,4,0,20.0,0,0,0,Grass,294,69,55,45,55,55,15,5,0,White,1,0.5,Grass,0,0.2,1.0,190,head_arms,0.0
amoonguss,50.0,75,0,4,0,20.0,0,0,0,Grass,464,114,85,70,85,80,30,5,0,Grey,1,0.5,Grass,0,0.61,10.5,75,head_arms,0.0
frillish,50.0,190,0,4,1,20.0,0,0,0,Water,335,55,40,50,65,85,40,5,0,White,1,0.5,Amorphous,0,1.19,33.0,190,several_limbs,0.0
jellicent,50.0,60,0,4,1,20.0,0,0,0,Water,480,100,60,70,85,105,60,5,0,White,1,0.5,Amorphous,0,2.21,135.0,60,several_limbs,0.0
alomomola,70.0,75,0,4,0,40.0,0,0,0,Water,470,165,75,80,40,45,65,5,0,Pink,1,0.5,Water_1,0,1.19,31.6,75,with_fins,0.0
joltik,50.0,190,0,4,0,20.0,0,0,0,Bug,319,50,47,50,57,50,65,5,0,Yellow,1,0.5,Bug,0,0.1,0.6,190,insectoid,0.0
galvantula,50.0,75,0,4,0,20.0,0,0,0,Bug,472,70,77,60,97,60,108,5,0,Yellow,1,0.5,Bug,0,0.79,14.3,75,insectoid,0.0
ferroseed,50.0,255,0,4,0,20.0,0,0,0,Grass,305,44,50,91,24,86,10,5,0,Grey,1,0.5,Grass,0,0.61,18.8,255,head_only,0.0
ferrothorn,50.0,90,0,4,0,20.0,0,0,0,Grass,489,74,94,131,54,116,20,5,0,Grey,1,0.5,Grass,0,0.99,110.0,90,several_limbs,0.0
klink,50.0,130,0,-1,0,20.0,0,0,0,Steel,300,40,55,70,45,60,30,5,0,Grey,0,0.5533773291925466,Mineral,0,0.3,21.0,130,multiple_bodies,0.0
klang,50.0,60,0,-1,0,20.0,0,0,0,Steel,440,60,80,95,70,85,50,5,0,Grey,0,0.5533773291925466,Mineral,0,0.61,51.0,60,multiple_bodies,0.0
klinklang,50.0,30,0,-1,0,20.0,0,0,0,Steel,520,60,100,115,70,85,90,5,0,Grey,0,0.5533773291925466,Mineral,0,0.61,81.0,30,multiple_bodies,1.0
tynamo,70.0,190,0,4,0,20.0,0,0,0,Electric,275,35,55,40,45,40,60,5,0,White,1,0.5,Amorphous,0,0.2,0.3,190,with_fins,0.0
eelektrik,70.0,60,0,4,0,20.0,0,0,0,Electric,405,65,85,70,75,70,40,5,0,Blue,1,0.5,Amorphous,0,1.19,22.0,60,with_fins,3.0
eelektross,70.0,30,0,4,0,20.0,0,0,0,Electric,515,85,115,80,105,80,50,5,0,Blue,1,0.5,Amorphous,0,2.11,80.5,30,with_fins,0.0
elgyem,50.0,255,0,4,0,20.0,0,0,0,Psychic,335,55,55,55,85,55,30,5,0,Grey,1,0.5,Human-Like,0,0.51,9.0,255,bipedal_tailed,0.0
beheeyem,50.0,90,0,4,0,20.0,0,0,0,Psychic,485,75,75,75,125,95,40,5,0,Brown,1,0.5,Human-Like,0,0.99,34.5,90,bipedal_tailless,0.0
litwick,50.0,190,0,4,0,20.0,0,0,0,Ghost,275,50,30,55,65,55,20,5,0,White,1,0.5,Amorphous,0,0.3,3.1,190,head_base,2.0
lampent,50.0,90,0,4,0,20.0,0,0,0,Ghost,370,60,40,60,95,60,55,5,0,Black,1,0.5,Amorphous,0,0.61,13.0,90,head_arms,0.0
chandelure,50.0,45,0,4,0,20.0,0,0,0,Ghost,520,60,55,90,145,90,80,5,0,Black,1,0.5,Amorphous,0,0.99,34.3,45,head_arms,4.0
axew,35.0,75,0,4,0,40.0,0,0,0,Dragon,320,46,87,60,30,40,57,5,0,Green,1,0.5,Monster,0,0.61,18.0,75,bipedal_tailed,5.0
fraxure,35.0,60,0,4,0,40.0,0,0,0,Dragon,410,66,117,70,40,50,67,5,0,Green,1,0.5,Monster,0,0.99,36.0,60,bipedal_tailed,0.0
haxorus,35.0,45,0,4,0,40.0,0,0,0,Dragon,540,76,147,90,60,70,97,5,0,Yellow,1,0.5,Monster,0,1.8,105.5,45,bipedal_tailed,4.0
cubchoo,50.0,120,0,4,0,20.0,0,0,0,Ice,305,55,70,40,60,40,40,5,0,Blue,1,0.5,Field,0,0.51,8.5,120,bipedal_tailed,1.0
beartic,50.0,60,0,4,0,20.0,0,0,0,Ice,485,95,110,80,70,80,50,5,0,White,1,0.5,Field,0,2.59,260.0,60,quadruped,0.0
cryogonal,50.0,25,0,-1,0,25.0,0,0,0,Ice,485,70,50,30,95,135,105,5,0,Blue,0,0.5533773291925466,Mineral,0,1.09,148.0,25,head_only,0.0
shelmet,50.0,200,0,4,0,15.0,0,0,0,Bug,305,50,40,85,40,65,25,5,0,Red,1,0.5,Bug,0,0.41,7.7,200,head_only,2.0
accelgor,50.0,75,0,4,0,15.0,0,0,0,Bug,495,80,70,40,100,60,145,5,0,Red,1,0.5,Bug,0,0.79,25.3,75,head_arms,0.0
stunfisk,70.0,75,0,4,0,20.0,0,0,0,Ground,471,109,66,84,81,99,32,5,0,Brown,1,0.5,Water_1,0,0.71,11.0,75,with_fins,0.0
mienfoo,50.0,180,0,4,0,25.0,0,0,0,Fighting,350,45,85,50,55,50,65,5,0,Yellow,1,0.5,Field,0,0.89,20.0,180,bipedal_tailed,0.0
mienshao,50.0,45,0,4,0,25.0,0,0,0,Fighting,510,65,125,60,95,60,105,5,0,Purple,1,0.5,Field,0,1.4,35.5,45,bipedal_tailed,1.0
druddigon,50.0,45,0,4,0,30.0,0,0,0,Dragon,485,77,120,90,60,90,48,5,0,Red,1,0.5,Dragon,0,1.6,139.0,45,bipedal_tailed,0.0
golett,50.0,190,0,-1,0,25.0,0,0,0,Ground,303,59,74,50,35,50,35,5,0,Green,0,0.5533773291925466,Mineral,0,0.99,92.0,190,bipedal_tailless,0.0
golurk,50.0,90,0,-1,0,25.0,0,0,0,Ground,483,89,124,80,55,80,55,5,0,Green,0,0.5533773291925466,Mineral,0,2.79,330.0,90,bipedal_tailless,0.0
pawniard,35.0,120,0,4,0,20.0,0,0,0,Dark,340,45,85,70,40,40,60,5,0,Red,1,0.5,Human-Like,0,0.51,10.2,120,bipedal_tailless,0.0
bisharp,35.0,45,0,4,0,20.0,0,0,0,Dark,490,65,125,100,60,70,70,5,0,Red,1,0.5,Human-Like,0,1.6,70.0,45,bipedal_tailless,2.0
bouffalant,50.0,45,0,4,0,20.0,0,0,0,Normal,490,95,110,95,40,95,55,5,0,Brown,1,0.5,Field,0,1.6,94.6,45,quadruped,0.0
rufflet,50.0,190,0,0,0,20.0,0,0,0,Normal,350,70,83,50,37,50,60,5,0,White,1,1.0,Flying,0,0.51,10.5,190,two_wings,1.0
braviary,50.0,60,0,0,0,20.0,0,0,0,Normal,510,100,123,75,57,75,80,5,0,Red,1,1.0,Flying,0,1.5,41.0,60,two_wings,0.0
vullaby,35.0,190,0,8,0,20.0,0,0,0,Dark,370,70,55,75,45,65,60,5,0,Brown,1,0.0,Flying,0,0.51,9.0,190,two_wings,0.0
mandibuzz,35.0,60,0,8,0,20.0,0,0,0,Dark,510,110,65,105,55,95,80,5,0,Brown,1,0.0,Flying,0,1.19,39.5,60,two_wings,0.0
heatmor,50.0,90,0,4,0,20.0,0,0,0,Fire,484,85,97,66,105,66,65,5,0,Red,1,0.5,Field,0,1.4,58.0,90,bipedal_tailed,1.0
durant,50.0,90,0,4,0,20.0,0,0,0,Bug,484,58,109,112,48,48,109,5,0,Grey,1,0.5,Bug,0,0.3,33.0,90,insectoid,1.0
deino,35.0,45,0,4,0,40.0,0,0,0,Dark,300,52,65,50,45,50,38,5,0,Blue,1,0.5,Dragon,0,0.79,17.3,45,quadruped,3.0
zweilous,35.0,45,0,4,0,40.0,0,0,0,Dark,420,72,85,70,65,70,58,5,0,Blue,1,0.5,Dragon,0,1.4,50.0,45,quadruped,6.0
hydreigon,35.0,45,0,4,0,40.0,0,0,0,Dark,600,92,105,90,125,90,98,5,0,Blue,1,0.5,Dragon,0,1.8,160.0,45,bipedal_tailed,2.0
larvesta,50.0,45,0,4,0,40.0,0,0,0,Bug,360,55,85,55,50,55,60,5,0,White,1,0.5,Bug,0,1.09,28.8,45,insectoid,0.0
volcarona,50.0,15,0,4,0,40.0,0,0,0,Bug,550,85,60,65,135,105,100,5,0,White,1,0.5,Bug,0,1.6,46.0,15,four_wings,0.0
cobalion,35.0,3,0,-1,0,80.0,0,1,0,Steel,580,91,90,129,90,72,108,5,1,Blue,0,0.5533773291925466,Undiscovered,0,2.11,250.0,3,quadruped,5.0
terrakion,35.0,3,0,-1,0,80.0,0,1,0,Rock,580,91,129,90,72,90,108,5,1,Grey,0,0.5533773291925466,Undiscovered,0,1.91,260.0,3,quadruped,0.0
virizion,35.0,3,0,-1,0,80.0,0,1,0,Grass,580,91,90,72,90,129,108,5,1,Green,0,0.5533773291925466,Undiscovered,0,2.01,200.0,3,quadruped,3.0
tornadus,90.0,3,1,0,0,120.0,0,1,0,Flying,580,79,115,70,125,80,111,5,1,Green,1,1.0,Undiscovered,0,1.5,63.0,3,head_arms,4.0
thundurus,90.0,3,1,0,0,120.0,0,1,0,Electric,580,79,115,70,125,80,111,5,1,Blue,1,1.0,Undiscovered,0,1.5,61.0,3,head_arms,0.0
reshiram,0.0,3,0,-1,0,120.0,0,1,0,Dragon,680,100,120,100,150,120,90,5,1,White,0,0.5533773291925466,Undiscovered,0,3.2,330.0,3,two_wings,20.0
zekrom,0.0,3,0,-1,0,120.0,0,1,0,Dragon,680,100,150,120,120,100,90,5,1,Black,0,0.5533773291925466,Undiscovered,0,2.9,345.0,3,bipedal_tailed,6.0
landorus,90.0,3,1,0,0,120.0,0,1,0,Ground,600,89,125,90,115,80,101,5,1,Brown,1,1.0,Undiscovered,0,1.5,68.0,3,head_arms,1.0
kyurem,0.0,3,1,-1,0,120.0,0,1,0,Dragon,660,125,130,90,130,90,95,5,1,Grey,0,0.5533773291925466,Undiscovered,0,3.0,325.0,3,bipedal_tailed,16.0
keldeo,35.0,3,1,-1,0,80.0,0,0,1,Water,580,91,72,90,129,90,108,5,0,Yellow,0,0.5533773291925466,Undiscovered,0,1.4,48.5,3,quadruped,0.0
meloetta,100.0,3,1,-1,0,120.0,0,0,1,Normal,600,100,77,77,128,128,90,5,0,White,0,0.5533773291925466,Undiscovered,0,0.61,6.5,3,bipedal_tailless,4.0
genesect,0.0,3,1,-1,0,120.0,0,0,1,Bug,600,71,120,95,120,95,99,5,0,Purple,0,0.5533773291925466,Undiscovered,0,1.5,82.5,3,bipedal_tailless,1.0
chespin,70.0,45,0,1,0,20.0,0,0,0,Grass,313,56,61,65,48,45,38,6,0,Green,1,0.875,Field,0,0.41,9.0,45,bipedal_tailed,1.0
quilladin,70.0,45,0,1,0,20.0,0,0,0,Grass,405,61,78,95,56,58,57,6,0,Green,1,0.875,Field,0,0.71,29.0,45,bipedal_tailed,0.0
chesnaught,70.0,45,0,1,0,20.0,0,0,0,Grass,530,88,107,122,74,75,64,6,0,Green,1,0.875,Field,0,1.6,90.0,45,bipedal_tailed,0.0
fennekin,70.0,45,0,1,0,20.0,0,0,0,Fire,307,40,45,40,62,60,60,6,0,Red,1,0.875,Field,0,0.41,9.4,45,quadruped,8.0
braixen,70.0,45,0,1,0,20.0,0,0,0,Fire,409,59,59,58,90,70,73,6,0,Red,1,0.875,Field,0,0.99,14.5,45,bipedal_tailed,0.0
delphox,70.0,45,0,1,0,20.0,0,0,0,Fire,534,75,69,72,114,100,104,6,0,Red,1,0.875,Field,0,1.5,39.0,45,bipedal_tailed,3.0
froakie,70.0,45,0,1,0,20.0,0,0,0,Water,314,41,56,40,62,44,71,6,0,Blue,1,0.875,Water_1,0,0.3,7.0,45,quadruped,8.0
frogadier,70.0,45,0,1,0,20.0,0,0,0,Water,405,54,63,52,83,56,97,6,0,Blue,1,0.875,Water_1,0,0.61,10.9,45,bipedal_tailless,4.0
greninja,70.0,45,0,1,0,20.0,0,0,0,Water,530,72,95,67,103,71,122,6,0,Blue,1,0.875,Water_1,0,1.5,40.0,45,bipedal_tailless,20.0
bunnelby,50.0,255,0,4,0,15.0,0,0,0,Normal,237,38,36,38,32,36,57,6,0,Brown,1,0.5,Field,0,0.41,5.0,255,bipedal_tailed,0.0
diggersby,50.0,127,0,4,0,15.0,0,0,0,Normal,423,85,56,77,50,77,78,6,0,Brown,1,0.5,Field,0,0.99,42.4,127,bipedal_tailed,0.0
fletchling,50.0,255,0,4,0,15.0,0,0,0,Normal,278,45,50,43,40,38,62,6,0,Red,1,0.5,Flying,0,0.3,1.7,255,two_wings,1.0
fletchinder,50.0,120,0,4,0,15.0,0,0,0,Fire,382,62,73,55,56,52,84,6,0,Red,1,0.5,Flying,0,0.71,16.0,120,two_wings,1.0
talonflame,50.0,45,0,4,0,15.0,0,0,0,Fire,499,78,81,71,74,69,126,6,0,Red,1,0.5,Flying,0,1.19,24.5,45,two_wings,6.0
scatterbug,70.0,255,0,4,0,15.0,0,0,0,Bug,200,38,35,40,27,25,35,6,0,Black,1,0.5,Bug,0,0.3,2.5,255,insectoid,1.0
spewpa,70.0,120,0,4,0,15.0,0,0,0,Bug,213,45,22,60,27,30,29,6,0,Black,1,0.5,Bug,0,0.3,8.4,120,head_base,0.0
vivillon,70.0,45,0,4,0,15.0,0,0,0,Bug,411,80,52,50,90,50,89,6,0,Black,1,0.5,Bug,0,1.19,17.0,45,four_wings,5.0
litleo,70.0,220,0,7,0,20.0,0,0,0,Fire,369,62,50,58,73,54,72,6,0,Brown,1,0.125,Field,0,0.61,13.5,220,quadruped,2.0
pyroar,70.0,65,0,7,1,20.0,0,0,0,Fire,507,86,68,72,109,66,106,6,0,Brown,1,0.125,Field,0,1.5,81.5,65,quadruped,3.0
floette,70.0,120,0,8,0,20.0,0,0,0,Fairy,371,54,45,47,75,98,52,6,0,White,1,0.0,Fairy,0,0.2,0.9,120,head_arms,5.0
florges,70.0,45,0,8,0,20.0,0,0,0,Fairy,552,78,65,68,112,154,75,6,0,White,1,0.0,Fairy,0,1.09,10.0,45,head_arms,2.0
skiddo,70.0,200,0,4,0,20.0,0,0,0,Grass,350,66,65,48,62,57,52,6,0,Brown,1,0.5,Field,0,0.89,31.0,200,quadruped,0.0
gogoat,70.0,45,0,4,0,20.0,0,0,0,Grass,531,123,100,62,97,81,68,6,0,Brown,1,0.5,Field,0,1.7,91.0,45,quadruped,0.0
pancham,50.0,220,0,4,0,25.0,0,0,0,Fighting,348,67,82,62,46,48,43,6,0,White,1,0.5,Field,0,0.61,8.0,220,bipedal_tailed,5.0
pangoro,50.0,65,0,4,0,25.0,0,0,0,Fighting,495,95,124,78,69,71,58,6,0,White,1,0.5,Field,0,2.11,136.0,65,bipedal_tailless,0.0
furfrou,70.0,160,1,4,0,20.0,0,0,0,Normal,472,75,80,60,65,90,102,6,0,White,1,0.5,Field,0,1.19,28.0,160,quadruped,5.0
espurr,50.0,190,0,4,0,20.0,0,0,0,Psychic,355,62,48,54,63,60,68,6,0,Grey,1,0.5,Field,0,0.3,3.5,190,bipedal_tailed,0.0
meowstic,50.0,75,0,4,1,20.0,0,0,0,Psychic,466,74,48,76,83,81,104,6,0,White,1,0.5,Field,0,0.61,8.5,75,bipedal_tailed,2.0
honedge,50.0,180,0,4,0,20.0,0,0,0,Steel,325,45,80,100,35,37,28,6,0,Brown,1,0.5,Mineral,0,0.79,2.0,180,head_base,1.0
doublade,50.0,90,0,4,0,20.0,0,0,0,Steel,448,59,110,150,45,49,35,6,0,Brown,1,0.5,Mineral,0,0.84,4.5,90,multiple_bodies,1.0
aegislash,50.0,45,1,4,0,20.0,0,0,0,Steel,520,60,50,150,50,150,60,6,0,Brown,1,0.5,Mineral,0,1.7,53.0,45,head_base,1.0
spritzee,50.0,200,0,4,0,20.0,0,0,0,Fairy,341,78,52,60,63,65,23,6,0,Pink,1,0.5,Fairy,0,0.2,0.5,200,head_arms,0.0
aromatisse,50.0,140,0,4,0,20.0,0,0,0,Fairy,462,101,72,72,99,89,29,6,0,Pink,1,0.5,Fairy,0,0.79,15.5,140,bipedal_tailless,0.0
swirlix,50.0,200,0,4,0,20.0,0,0,0,Fairy,341,62,48,66,59,57,49,6,0,White,1,0.5,Fairy,0,0.41,3.5,200,head_legs,0.0
slurpuff,50.0,140,0,4,0,20.0,0,0,0,Fairy,480,82,80,86,85,75,72,6,0,White,1,0.5,Fairy,0,0.79,5.0,140,bipedal_tailless,0.0
inkay,50.0,190,0,4,0,20.0,0,0,0,Dark,288,53,54,53,37,46,45,6,0,Blue,1,0.5,Water_1,0,0.41,3.5,190,several_limbs,0.0
malamar,50.0,80,0,4,0,20.0,0,0,0,Dark,482,86,92,88,68,75,73,6,0,Blue,1,0.5,Water_1,0,1.5,47.0,80,head_base,0.0
binacle,50.0,120,0,4,0,20.0,0,0,0,Rock,306,42,52,67,39,56,50,6,0,Brown,1,0.5,Water_3,0,0.51,31.0,120,multiple_bodies,0.0
barbaracle,50.0,45,0,4,0,20.0,0,0,0,Rock,500,72,105,115,54,86,68,6,0,Brown,1,0.5,Water_3,0,1.3,96.0,45,multiple_bodies,0.0
skrelp,50.0,225,0,4,0,20.0,0,0,0,Poison,320,50,60,60,60,60,30,6,0,Brown,1,0.5,Water_1,0,0.51,7.3,225,head_base,4.0
dragalge,50.0,55,0,4,0,20.0,0,0,0,Poison,494,65,75,90,97,123,44,6,0,Brown,1,0.5,Water_1,0,1.8,81.5,55,head_base,0.0
clauncher,50.0,225,0,4,0,15.0,0,0,0,Water,330,50,53,62,58,63,44,6,0,Blue,1,0.5,Water_1,0,0.51,8.3,225,insectoid,1.0
clawitzer,50.0,55,0,4,0,15.0,0,0,0,Water,500,71,73,88,120,89,59,6,0,Blue,1,0.5,Water_1,0,1.3,35.3,55,serpentine_body,2.0
helioptile,50.0,190,0,4,0,20.0,0,0,0,Electric,289,44,38,33,61,43,70,6,0,Yellow,1,0.5,Monster,0,0.51,6.0,190,bipedal_tailed,0.0
heliolisk,50.0,75,0,4,0,20.0,0,0,0,Electric,481,62,55,52,109,94,109,6,0,Yellow,1,0.5,Monster,0,0.99,21.0,75,bipedal_tailed,0.0
tyrunt,50.0,45,0,1,0,30.0,0,0,0,Rock,362,58,89,77,45,45,48,6,0,Brown,1,0.875,Monster,0,0.79,26.0,45,bipedal_tailed,0.0
tyrantrum,50.0,45,0,1,0,30.0,0,0,0,Rock,521,82,121,119,69,59,71,6,0,Red,1,0.875,Monster,0,2.49,270.0,45,bipedal_tailed,1.0
amaura,50.0,45,0,1,0,30.0,0,0,0,Rock,362,77,59,50,67,63,46,6,0,Blue,1,0.875,Monster,0,1.3,25.2,45,quadruped,4.0
aurorus,50.0,45,0,1,0,30.0,0,0,0,Rock,521,123,77,72,99,92,58,6,0,Blue,1,0.875,Monster,0,2.69,225.0,45,quadruped,0.0
sylveon,50.0,45,0,1,0,35.0,0,0,0,Fairy,525,95,65,65,110,130,60,6,0,Pink,1,0.875,Field,0,0.99,23.5,45,quadruped,36.0
hawlucha,50.0,100,0,4,0,20.0,0,0,0,Fighting,500,78,92,75,74,63,118,6,0,Green,1,0.5,Human-Like,0,0.79,21.5,100,bipedal_tailless,5.0
dedenne,50.0,180,0,4,0,20.0,0,0,0,Electric,431,67,58,57,81,67,101,6,0,Yellow,1,0.5,Field,0,0.2,2.2,180,bipedal_tailed,4.0
carbink,50.0,60,0,-1,0,25.0,0,0,0,Rock,500,50,50,150,50,150,50,6,0,Grey,0,0.5533773291925466,Fairy,0,0.3,5.7,60,head_only,0.0
goomy,35.0,45,0,4,0,40.0,0,0,0,Dragon,300,45,50,35,55,75,40,6,0,Purple,1,0.5,Dragon,0,0.3,2.8,45,serpentine_body,7.0
sliggoo,35.0,45,0,4,0,40.0,0,0,0,Dragon,452,68,75,53,83,113,60,6,0,Purple,1,0.5,Dragon,0,0.79,17.5,45,serpentine_body,6.0
goodra,35.0,45,0,4,0,40.0,0,0,0,Dragon,600,90,100,70,110,150,80,6,0,Purple,1,0.5,Dragon,0,2.01,150.5,45,bipedal_tailed,9.0
klefki,50.0,75,0,4,0,20.0,0,0,0,Steel,470,57,80,91,80,87,75,6,0,Grey,1,0.5,Mineral,0,0.2,3.0,75,head_only,2.0
phantump,50.0,120,0,4,0,20.0,0,0,0,Ghost,309,43,70,48,50,60,38,6,0,Brown,1,0.5,Grass,0,0.41,7.0,120,head_arms,7.0
trevenant,50.0,60,0,4,0,20.0,0,0,0,Ghost,474,85,110,76,65,82,56,6,0,Brown,1,0.5,Grass,0,1.5,71.0,60,several_limbs,8.0
pumpkaboo,50.0,120,0,4,0,20.0,0,0,0,Ghost,335,49,66,70,44,55,51,6,0,Brown,1,0.5,Amorphous,0,0.41,5.0,120,head_only,0.0
gourgeist,50.0,60,0,4,0,20.0,0,0,0,Ghost,494,65,90,122,58,75,84,6,0,Brown,1,0.5,Amorphous,0,1.7,39.0,60,head_base,1.0
bergmite,50.0,190,0,4,0,20.0,0,0,0,Ice,304,55,69,85,32,35,28,6,0,Blue,1,0.5,Monster,0,0.99,99.5,190,quadruped,0.0
avalugg,50.0,55,0,4,0,20.0,0,0,0,Ice,514,95,117,184,44,46,28,6,0,Blue,1,0.5,Monster,0,2.01,505.0,55,quadruped,4.0
noibat,50.0,190,0,4,0,20.0,0,0,0,Flying,245,40,30,35,45,40,55,6,0,Purple,1,0.5,Flying,0,0.51,8.0,190,two_wings,5.0
noivern,50.0,45,0,4,0,20.0,0,0,0,Flying,535,85,70,80,97,80,123,6,0,Purple,1,0.5,Flying,0,1.5,85.0,45,two_wings,3.0
xerneas,0.0,45,1,-1,0,120.0,0,1,0,Fairy,680,126,131,95,131,98,99,6,1,Blue,0,0.5533773291925466,Undiscovered,0,3.0,215.0,45,quadruped,3.0
yveltal,0.0,45,0,-1,0,120.0,0,1,0,Dark,680,126,131,95,131,98,99,6,1,Red,0,0.5533773291925466,Undiscovered,0,5.79,203.0,45,two_wings,9.0
zygarde,0.0,3,0,-1,0,120.0,0,1,0,Dragon,600,108,100,121,81,95,95,6,1,Green,0,0.5533773291925466,Undiscovered,0,5.0,305.0,3,serpentine_body,17.0
diancie,50.0,3,1,-1,0,25.0,0,0,1,Rock,600,50,100,150,100,150,50,6,1,Pink,0,0.5533773291925466,Undiscovered,1,0.71,8.8,3,head_arms,7.0
hoopa,100.0,3,0,-1,0,120.0,0,0,1,Psychic,600,80,110,60,150,130,70,6,1,Purple,0,0.5533773291925466,Undiscovered,0,0.51,9.0,3,head_only,5.0
volcanion,100.0,3,0,-1,0,120.0,0,0,1,Fire,600,80,110,120,130,90,70,6,1,Brown,0,0.5533773291925466,Undiscovered,0,1.7,195.0,3,quadruped,0.0
