Name,base_happiness,capture_rate,forms_switchable,gender_rate,has_gender_differences,hatch_counter,id,is_baby,is_legendary,is_mythical,order
bulbasaur,50.0,45,False,1,False,20.0,1,False,False,False,1
ivysaur,50.0,45,False,1,False,20.0,2,False,False,False,2
venusaur,50.0,45,True,1,True,20.0,3,False,False,False,3
charmander,50.0,45,False,1,False,20.0,4,False,False,False,4
charmeleon,50.0,45,False,1,False,20.0,5,False,False,False,5
charizard,50.0,45,True,1,False,20.0,6,False,False,False,6
squirtle,50.0,45,False,1,False,20.0,7,False,False,False,7
wartortle,50.0,45,False,1,False,20.0,8,False,False,False,8
blastoise,50.0,45,True,1,False,20.0,9,False,False,False,9
caterpie,50.0,255,False,4,False,15.0,10,False,False,False,10
metapod,50.0,120,False,4,False,15.0,11,False,False,False,11
butterfree,50.0,45,False,4,True,15.0,12,False,False,False,12
weedle,70.0,255,False,4,False,15.0,13,False,False,False,13
kakuna,70.0,120,False,4,False,15.0,14,False,False,False,14
beedrill,70.0,45,True,4,False,15.0,15,False,False,False,15
pidgey,70.0,255,False,4,False,15.0,16,False,False,False,16
pidgeotto,70.0,120,False,4,False,15.0,17,False,False,False,17
pidgeot,70.0,45,True,4,False,15.0,18,False,False,False,18
rattata,70.0,255,False,4,True,15.0,19,False,False,False,19
raticate,70.0,127,False,4,True,15.0,20,False,False,False,20
spearow,70.0,255,False,4,False,15.0,21,False,False,False,21
fearow,70.0,90,False,4,False,15.0,22,False,False,False,22
ekans,70.0,255,False,4,False,20.0,23,False,False,False,23
arbok,70.0,90,False,4,False,20.0,24,False,False,False,24
pikachu,50.0,190,False,4,True,10.0,25,False,False,False,26
raichu,50.0,75,False,4,True,10.0,26,False,False,False,27
sandshrew,50.0,255,False,4,False,20.0,27,False,False,False,28
sandslash,50.0,90,False,4,False,20.0,28,False,False,False,29
nidoran-f,50.0,235,False,8,False,20.0,29,False,False,False,30
nidorina,50.0,120,False,8,False,20.0,30,False,False,False,31
nidoqueen,50.0,45,False,8,False,20.0,31,False,False,False,32
nidoran-m,50.0,235,False,0,False,20.0,32,False,False,False,33
nidorino,50.0,120,False,0,False,20.0,33,False,False,False,34
nidoking,50.0,45,False,0,False,20.0,34,False,False,False,35
clefairy,140.0,150,False,6,False,10.0,35,False,False,False,37
clefable,140.0,25,False,6,False,10.0,36,False,False,False,38
vulpix,50.0,190,False,6,False,20.0,37,False,False,False,39
ninetales,50.0,75,False,6,False,20.0,38,False,False,False,40
jigglypuff,50.0,170,False,6,False,10.0,39,False,False,False,42
wigglytuff,50.0,50,False,6,False,10.0,40,False,False,False,43
zubat,50.0,255,False,4,True,15.0,41,False,False,False,44
golbat,50.0,90,False,4,True,15.0,42,False,False,False,45
oddish,50.0,255,False,4,False,20.0,43,False,False,False,47
gloom,50.0,120,False,4,True,20.0,44,False,False,False,48
vileplume,50.0,45,False,4,True,20.0,45,False,False,False,49
paras,70.0,190,False,4,False,20.0,46,False,False,False,51
parasect,70.0,75,False,4,False,20.0,47,False,False,False,52
venonat,70.0,190,False,4,False,20.0,48,False,False,False,53
venomoth,70.0,75,False,4,False,20.0,49,False,False,False,54
diglett,50.0,255,False,4,False,20.0,50,False,False,False,55
dugtrio,50.0,50,False,4,False,20.0,51,False,False,False,56
meowth,50.0,255,False,4,False,20.0,52,False,False,False,57
persian,50.0,90,False,4,False,20.0,53,False,False,False,58
psyduck,50.0,190,False,4,False,20.0,54,False,False,False,59
golduck,50.0,75,False,4,False,20.0,55,False,False,False,60
mankey,70.0,190,False,4,False,20.0,56,False,False,False,61
primeape,70.0,75,False,4,False,20.0,57,False,False,False,62
growlithe,50.0,190,False,2,False,20.0,58,False,False,False,63
arcanine,50.0,75,False,2,False,20.0,59,False,False,False,64
poliwag,50.0,255,False,4,False,20.0,60,False,False,False,65
poliwhirl,50.0,120,False,4,False,20.0,61,False,False,False,66
poliwrath,50.0,45,False,4,False,20.0,62,False,False,False,67
abra,50.0,200,False,2,False,20.0,63,False,False,False,69
kadabra,50.0,100,False,2,True,20.0,64,False,False,False,70
alakazam,50.0,50,True,2,True,20.0,65,False,False,False,71
machop,50.0,180,False,2,False,20.0,66,False,False,False,72
machoke,50.0,90,False,2,False,20.0,67,False,False,False,73
machamp,50.0,45,False,2,False,20.0,68,False,False,False,74
bellsprout,70.0,255,False,4,False,20.0,69,False,False,False,75
weepinbell,70.0,120,False,4,False,20.0,70,False,False,False,76
victreebel,70.0,45,False,4,False,20.0,71,False,False,False,77
tentacool,50.0,190,False,4,False,20.0,72,False,False,False,78
tentacruel,50.0,60,False,4,False,20.0,73,False,False,False,79
geodude,70.0,255,False,4,False,15.0,74,False,False,False,80
graveler,70.0,120,False,4,False,15.0,75,False,False,False,81
golem,70.0,45,False,4,False,15.0,76,False,False,False,82
ponyta,50.0,190,False,4,False,20.0,77,False,False,False,83
rapidash,50.0,60,False,4,False,20.0,78,False,False,False,84
slowpoke,50.0,190,False,4,False,20.0,79,False,False,False,85
slowbro,50.0,75,True,4,False,20.0,80,False,False,False,86
magnemite,50.0,190,False,-1,False,20.0,81,False,False,False,88
magneton,50.0,60,False,-1,False,20.0,82,False,False,False,89
farfetchd,50.0,45,False,4,False,20.0,83,False,False,False,91
doduo,70.0,190,False,4,True,20.0,84,False,False,False,92
dodrio,70.0,45,False,4,True,20.0,85,False,False,False,93
seel,70.0,190,False,4,False,20.0,86,False,False,False,94
dewgong,70.0,75,False,4,False,20.0,87,False,False,False,95
grimer,70.0,190,False,4,False,20.0,88,False,False,False,96
muk,70.0,75,False,4,False,20.0,89,False,False,False,97
shellder,50.0,190,False,4,False,20.0,90,False,False,False,98
cloyster,50.0,60,False,4,False,20.0,91,False,False,False,99
gastly,50.0,190,False,4,False,20.0,92,False,False,False,100
haunter,50.0,90,False,4,False,20.0,93,False,False,False,101
gengar,50.0,45,True,4,False,20.0,94,False,False,False,102
onix,50.0,45,False,4,False,25.0,95,False,False,False,103
drowzee,70.0,190,False,4,False,20.0,96,False,False,False,105
hypno,70.0,75,False,4,True,20.0,97,False,False,False,106
krabby,50.0,225,False,4,False,20.0,98,False,False,False,107
kingler,50.0,60,False,4,False,20.0,99,False,False,False,108
voltorb,70.0,190,False,-1,False,20.0,100,False,False,False,109
electrode,70.0,60,False,-1,False,20.0,101,False,False,False,110
exeggcute,50.0,90,False,4,False,20.0,102,False,False,False,111
exeggutor,50.0,45,False,4,False,20.0,103,False,False,False,112
cubone,50.0,190,False,4,False,20.0,104,False,False,False,113
marowak,50.0,75,False,4,False,20.0,105,False,False,False,114
hitmonlee,50.0,45,False,0,False,25.0,106,False,False,False,116
hitmonchan,50.0,45,False,0,False,25.0,107,False,False,False,117
lickitung,50.0,45,False,4,False,20.0,108,False,False,False,119
koffing,50.0,190,False,4,False,20.0,109,False,False,False,121
weezing,50.0,60,False,4,False,20.0,110,False,False,False,122
rhyhorn,50.0,120,False,4,True,20.0,111,False,False,False,123
rhydon,50.0,60,False,4,True,20.0,112,False,False,False,124
chansey,140.0,30,False,8,False,40.0,113,False,False,False,127
tangela,50.0,45,False,4,False,20.0,114,False,False,False,129
kangaskhan,50.0,45,True,8,False,20.0,115,False,False,False,131
horsea,50.0,225,False,4,False,20.0,116,False,False,False,132
seadra,50.0,75,False,4,False,20.0,117,False,False,False,133
goldeen,50.0,225,False,4,True,20.0,118,False,False,False,135
seaking,50.0,60,False,4,True,20.0,119,False,False,False,136
staryu,50.0,225,False,-1,False,20.0,120,False,False,False,137
starmie,50.0,60,False,-1,False,20.0,121,False,False,False,138
mr-mime,50.0,45,False,4,False,25.0,122,False,False,False,140
scyther,50.0,45,False,4,True,25.0,123,False,False,False,141
jynx,50.0,45,False,8,False,25.0,124,False,False,False,144
electabuzz,50.0,45,False,2,False,25.0,125,False,False,False,146
magmar,50.0,45,False,2,False,25.0,126,False,False,False,149
pinsir,50.0,45,True,4,False,25.0,127,False,False,False,151
tauros,50.0,45,False,0,False,20.0,128,False,False,False,152
magikarp,50.0,255,False,4,True,5.0,129,False,False,False,153
gyarados,50.0,45,True,4,True,5.0,130,False,False,False,154
lapras,50.0,45,False,4,False,40.0,131,False,False,False,155
ditto,50.0,35,False,-1,False,20.0,132,False,False,False,156
eevee,50.0,45,False,1,True,35.0,133,False,False,False,157
vaporeon,50.0,45,False,1,False,35.0,134,False,False,False,158
jolteon,50.0,45,False,1,False,35.0,135,False,False,False,159
flareon,50.0,45,False,1,False,35.0,136,False,False,False,160
porygon,50.0,45,False,-1,False,20.0,137,False,False,False,166
omanyte,50.0,45,False,1,False,30.0,138,False,False,False,169
omastar,50.0,45,False,1,False,30.0,139,False,False,False,170
kabuto,50.0,45,False,1,False,30.0,140,False,False,False,171
kabutops,50.0,45,False,1,False,30.0,141,False,False,False,172
aerodactyl,50.0,45,True,1,False,35.0,142,False,False,False,173
snorlax,50.0,25,False,1,False,40.0,143,False,False,False,175
articuno,35.0,3,False,-1,False,80.0,144,False,True,False,176
zapdos,35.0,3,False,-1,False,80.0,145,False,True,False,177
moltres,35.0,3,False,-1,False,80.0,146,False,True,False,178
dratini,35.0,45,False,4,False,40.0,147,False,False,False,179
dragonair,35.0,45,False,4,False,40.0,148,False,False,False,180
dragonite,35.0,45,False,4,False,40.0,149,False,False,False,181
mewtwo,0.0,3,True,-1,False,120.0,150,False,True,False,182
mew,100.0,45,False,-1,False,120.0,151,False,False,True,183
chikorita,70.0,45,False,1,False,20.0,152,False,False,False,184
bayleef,70.0,45,False,1,False,20.0,153,False,False,False,185
meganium,70.0,45,False,1,True,20.0,154,False,False,False,186
cyndaquil,70.0,45,False,1,False,20.0,155,False,False,False,187
quilava,70.0,45,False,1,False,20.0,156,False,False,False,188
typhlosion,70.0,45,False,1,False,20.0,157,False,False,False,189
totodile,70.0,45,False,1,False,20.0,158,False,False,False,190
croconaw,70.0,45,False,1,False,20.0,159,False,False,False,191
feraligatr,70.0,45,False,1,False,20.0,160,False,False,False,192
sentret,70.0,255,False,4,False,15.0,161,False,False,False,193
furret,70.0,90,False,4,False,15.0,162,False,False,False,194
hoothoot,50.0,255,False,4,False,15.0,163,False,False,False,195
noctowl,50.0,90,False,4,False,15.0,164,False,False,False,196
ledyba,70.0,255,False,4,True,15.0,165,False,False,False,197
ledian,70.0,90,False,4,True,15.0,166,False,False,False,198
spinarak,70.0,255,False,4,False,15.0,167,False,False,False,199
ariados,70.0,90,False,4,False,15.0,168,False,False,False,200
crobat,50.0,90,False,4,False,15.0,169,False,False,False,46
chinchou,50.0,190,False,4,False,20.0,170,False,False,False,201
lanturn,50.0,75,False,4,False,20.0,171,False,False,False,202
pichu,50.0,190,False,4,False,10.0,172,True,False,False,25
cleffa,140.0,150,False,6,False,10.0,173,True,False,False,36
igglybuff,50.0,170,False,6,False,10.0,174,True,False,False,41
togepi,50.0,190,False,1,False,10.0,175,True,False,False,203
togetic,50.0,75,False,1,False,10.0,176,False,False,False,204
natu,50.0,190,False,4,False,20.0,177,False,False,False,206
xatu,50.0,75,False,4,True,20.0,178,False,False,False,207
mareep,70.0,235,False,4,False,20.0,179,False,False,False,208
flaaffy,70.0,120,False,4,False,20.0,180,False,False,False,209
ampharos,70.0,45,True,4,False,20.0,181,False,False,False,210
bellossom,50.0,45,False,4,False,20.0,182,False,False,False,50
marill,50.0,190,False,4,False,10.0,183,False,False,False,212
azumarill,50.0,75,False,4,False,10.0,184,False,False,False,213
sudowoodo,50.0,65,False,4,True,20.0,185,False,False,False,215
politoed,50.0,45,False,4,True,20.0,186,False,False,False,68
hoppip,70.0,255,False,4,False,20.0,187,False,False,False,216
skiploom,70.0,120,False,4,False,20.0,188,False,False,False,217
jumpluff,70.0,45,False,4,False,20.0,189,False,False,False,218
aipom,70.0,45,False,4,True,20.0,190,False,False,False,219
sunkern,70.0,235,False,4,False,20.0,191,False,False,False,221
sunflora,70.0,120,False,4,False,20.0,192,False,False,False,222
yanma,70.0,75,False,4,False,20.0,193,False,False,False,223
wooper,50.0,255,False,4,True,20.0,194,False,False,False,225
quagsire,50.0,90,False,4,True,20.0,195,False,False,False,226
espeon,50.0,45,False,1,False,35.0,196,False,False,False,161
umbreon,35.0,45,False,1,False,35.0,197,False,False,False,162
murkrow,35.0,30,False,4,True,20.0,198,False,False,False,227
slowking,50.0,70,False,4,False,20.0,199,False,False,False,87
misdreavus,35.0,45,False,4,False,25.0,200,False,False,False,229
unown,70.0,225,False,-1,False,40.0,201,False,False,False,231
wobbuffet,50.0,45,False,4,True,20.0,202,False,False,False,233
girafarig,70.0,60,False,4,True,20.0,203,False,False,False,234
pineco,70.0,190,False,4,False,20.0,204,False,False,False,235
forretress,70.0,75,False,4,False,20.0,205,False,False,False,236
dunsparce,50.0,190,False,4,False,20.0,206,False,False,False,237
gligar,70.0,60,False,4,True,20.0,207,False,False,False,238
steelix,50.0,25,True,4,True,25.0,208,False,False,False,104
snubbull,70.0,190,False,6,False,20.0,209,False,False,False,240
granbull,70.0,75,False,6,False,20.0,210,False,False,False,241
qwilfish,50.0,45,False,4,False,20.0,211,False,False,False,242
scizor,50.0,25,True,4,True,25.0,212,False,False,False,142
shuckle,50.0,190,False,4,False,20.0,213,False,False,False,243
heracross,50.0,45,True,4,True,25.0,214,False,False,False,244
sneasel,35.0,60,False,4,True,20.0,215,False,False,False,245
teddiursa,70.0,120,False,4,False,20.0,216,False,False,False,247
ursaring,70.0,60,False,4,True,20.0,217,False,False,False,248
slugma,70.0,190,False,4,False,20.0,218,False,False,False,249
magcargo,70.0,75,False,4,False,20.0,219,False,False,False,250
swinub,50.0,225,False,4,False,20.0,220,False,False,False,251
piloswine,50.0,75,False,4,True,20.0,221,False,False,False,252
corsola,50.0,60,False,6,False,20.0,222,False,False,False,254
remoraid,50.0,190,False,4,False,20.0,223,False,False,False,255
octillery,50.0,75,False,4,True,20.0,224,False,False,False,256
delibird,50.0,45,False,4,False,20.0,225,False,False,False,257
mantine,50.0,25,False,4,False,25.0,226,False,False,False,259
skarmory,50.0,25,False,4,False,25.0,227,False,False,False,260
houndour,35.0,120,False,4,False,20.0,228,False,False,False,261
houndoom,35.0,45,True,4,True,20.0,229,False,False,False,262
kingdra,50.0,45,False,4,False,20.0,230,False,False,False,134
phanpy,70.0,120,False,4,False,20.0,231,False,False,False,263
donphan,70.0,60,False,4,True,20.0,232,False,False,False,264
porygon2,50.0,45,False,-1,False,20.0,233,False,False,False,167
stantler,70.0,45,False,4,False,20.0,234,False,False,False,265
smeargle,70.0,45,False,4,False,20.0,235,False,False,False,266
tyrogue,50.0,75,False,0,False,25.0,236,True,False,False,115
hitmontop,50.0,45,False,0,False,25.0,237,False,False,False,118
smoochum,50.0,45,False,8,False,25.0,238,True,False,False,143
elekid,50.0,45,False,2,False,25.0,239,True,False,False,145
magby,50.0,45,False,2,False,25.0,240,True,False,False,148
miltank,50.0,45,False,8,False,20.0,241,False,False,False,267
blissey,140.0,30,False,8,False,40.0,242,False,False,False,128
raikou,35.0,3,False,-1,False,80.0,243,False,True,False,268
entei,35.0,3,False,-1,False,80.0,244,False,True,False,269
suicune,35.0,3,False,-1,False,80.0,245,False,True,False,270
larvitar,35.0,45,False,4,False,40.0,246,False,False,False,271
pupitar,35.0,45,False,4,False,40.0,247,False,False,False,272
tyranitar,35.0,45,True,4,False,40.0,248,False,False,False,273
lugia,0.0,3,False,-1,False,120.0,249,False,True,False,274
ho-oh,0.0,3,False,-1,False,120.0,250,False,True,False,275
celebi,100.0,45,False,-1,False,120.0,251,False,False,True,276
treecko,50.0,45,False,1,False,20.0,252,False,False,False,277
grovyle,50.0,45,False,1,False,20.0,253,False,False,False,278
sceptile,50.0,45,True,1,False,20.0,254,False,False,False,279
torchic,50.0,45,False,1,True,20.0,255,False,False,False,280
combusken,50.0,45,False,1,True,20.0,256,False,False,False,281
blaziken,50.0,45,True,1,True,20.0,257,False,False,False,282
mudkip,50.0,45,False,1,False,20.0,258,False,False,False,283
marshtomp,50.0,45,False,1,False,20.0,259,False,False,False,284
swampert,50.0,45,True,1,False,20.0,260,False,False,False,285
poochyena,70.0,255,False,4,False,15.0,261,False,False,False,286
mightyena,70.0,127,False,4,False,15.0,262,False,False,False,287
zigzagoon,50.0,255,False,4,False,15.0,263,False,False,False,288
linoone,50.0,90,False,4,False,15.0,264,False,False,False,289
wurmple,70.0,255,False,4,False,15.0,265,False,False,False,290
silcoon,70.0,120,False,4,False,15.0,266,False,False,False,291
beautifly,70.0,45,False,4,True,15.0,267,False,False,False,292
cascoon,70.0,120,False,4,False,15.0,268,False,False,False,293
dustox,70.0,45,False,4,True,15.0,269,False,False,False,294
lotad,50.0,255,False,4,False,15.0,270,False,False,False,295
lombre,50.0,120,False,4,False,15.0,271,False,False,False,296
ludicolo,50.0,45,False,4,True,15.0,272,False,False,False,297
seedot,50.0,255,False,4,False,15.0,273,False,False,False,298
nuzleaf,50.0,120,False,4,True,15.0,274,False,False,False,299
shiftry,50.0,45,False,4,True,15.0,275,False,False,False,300
taillow,70.0,200,False,4,False,15.0,276,False,False,False,301
swellow,70.0,45,False,4,False,15.0,277,False,False,False,302
wingull,50.0,190,False,4,False,20.0,278,False,False,False,303
pelipper,50.0,45,False,4,False,20.0,279,False,False,False,304
ralts,35.0,235,False,4,False,20.0,280,False,False,False,305
kirlia,35.0,120,False,4,False,20.0,281,False,False,False,306
gardevoir,35.0,45,True,4,False,20.0,282,False,False,False,307
surskit,70.0,200,False,4,False,15.0,283,False,False,False,309
masquerain,70.0,75,False,4,False,15.0,284,False,False,False,310
shroomish,70.0,255,False,4,False,15.0,285,False,False,False,311
breloom,70.0,90,False,4,False,15.0,286,False,False,False,312
slakoth,70.0,255,False,4,False,15.0,287,False,False,False,313
vigoroth,70.0,120,False,4,False,15.0,288,False,False,False,314
slaking,70.0,45,False,4,False,15.0,289,False,False,False,315
nincada,50.0,255,False,4,False,15.0,290,False,False,False,316
ninjask,50.0,120,False,4,False,15.0,291,False,False,False,317
shedinja,50.0,45,False,-1,False,15.0,292,False,False,False,318
whismur,50.0,190,False,4,False,20.0,293,False,False,False,319
loudred,50.0,120,False,4,False,20.0,294,False,False,False,320
exploud,50.0,45,False,4,False,20.0,295,False,False,False,321
makuhita,70.0,180,False,2,False,20.0,296,False,False,False,322
hariyama,70.0,200,False,2,False,20.0,297,False,False,False,323
azurill,50.0,150,False,6,False,10.0,298,True,False,False,211
nosepass,70.0,255,False,4,False,20.0,299,False,False,False,324
skitty,70.0,255,False,6,False,15.0,300,False,False,False,326
delcatty,70.0,60,False,6,False,15.0,301,False,False,False,327
sableye,35.0,45,True,4,False,25.0,302,False,False,False,328
mawile,50.0,45,True,4,False,20.0,303,False,False,False,329
aron,35.0,180,False,4,False,35.0,304,False,False,False,330
lairon,35.0,90,False,4,False,35.0,305,False,False,False,331
aggron,35.0,45,True,4,False,35.0,306,False,False,False,332
meditite,70.0,180,False,4,True,20.0,307,False,False,False,333
medicham,70.0,90,True,4,True,20.0,308,False,False,False,334
electrike,50.0,120,False,4,False,20.0,309,False,False,False,335
manectric,50.0,45,True,4,False,20.0,310,False,False,False,336
plusle,70.0,200,False,4,False,20.0,311,False,False,False,337
minun,70.0,200,False,4,False,20.0,312,False,False,False,338
volbeat,70.0,150,False,0,False,15.0,313,False,False,False,339
illumise,70.0,150,False,8,False,15.0,314,False,False,False,340
roselia,50.0,150,False,4,True,20.0,315,False,False,False,342
gulpin,70.0,225,False,4,True,20.0,316,False,False,False,344
swalot,70.0,75,False,4,True,20.0,317,False,False,False,345
carvanha,35.0,225,False,4,False,20.0,318,False,False,False,346
sharpedo,35.0,60,True,4,False,20.0,319,False,False,False,347
wailmer,50.0,125,False,4,False,40.0,320,False,False,False,348
wailord,50.0,60,False,4,False,40.0,321,False,False,False,349
numel,70.0,255,False,4,True,20.0,322,False,False,False,350
camerupt,70.0,150,True,4,True,20.0,323,False,False,False,351
torkoal,50.0,90,False,4,False,20.0,324,False,False,False,352
spoink,70.0,255,False,4,False,20.0,325,False,False,False,353
grumpig,70.0,60,False,4,False,20.0,326,False,False,False,354
spinda,70.0,255,False,4,False,15.0,327,False,False,False,355
trapinch,50.0,255,False,4,False,20.0,328,False,False,False,356
vibrava,50.0,120,False,4,False,20.0,329,False,False,False,357
flygon,50.0,45,False,4,False,20.0,330,False,False,False,358
cacnea,35.0,190,False,4,False,20.0,331,False,False,False,359
cacturne,35.0,60,False,4,True,20.0,332,False,False,False,360
swablu,50.0,255,False,4,False,20.0,333,False,False,False,361
altaria,50.0,45,True,4,False,20.0,334,False,False,False,362
zangoose,70.0,90,False,4,False,20.0,335,False,False,False,363
seviper,70.0,90,False,4,False,20.0,336,False,False,False,364
lunatone,50.0,45,False,-1,False,25.0,337,False,False,False,365
solrock,50.0,45,False,-1,False,25.0,338,False,False,False,366
barboach,50.0,190,False,4,False,20.0,339,False,False,False,367
whiscash,50.0,75,False,4,False,20.0,340,False,False,False,368
corphish,50.0,205,False,4,False,15.0,341,False,False,False,369
crawdaunt,50.0,155,False,4,False,15.0,342,False,False,False,370
baltoy,50.0,255,False,-1,False,20.0,343,False,False,False,371
claydol,50.0,90,False,-1,False,20.0,344,False,False,False,372
lileep,50.0,45,False,1,False,30.0,345,False,False,False,373
cradily,50.0,45,False,1,False,30.0,346,False,False,False,374
anorith,50.0,45,False,1,False,30.0,347,False,False,False,375
armaldo,50.0,45,False,1,False,30.0,348,False,False,False,376
feebas,50.0,255,False,4,False,20.0,349,False,False,False,377
milotic,50.0,60,False,4,True,20.0,350,False,False,False,378
castform,70.0,45,True,4,False,25.0,351,False,False,False,379
kecleon,70.0,200,False,4,False,20.0,352,False,False,False,380
shuppet,35.0,225,False,4,False,25.0,353,False,False,False,381
banette,35.0,45,True,4,False,25.0,354,False,False,False,382
duskull,35.0,190,False,4,False,25.0,355,False,False,False,383
dusclops,35.0,90,False,4,False,25.0,356,False,False,False,384
tropius,70.0,200,False,4,False,25.0,357,False,False,False,386
chimecho,70.0,45,False,4,False,25.0,358,False,False,False,388
absol,35.0,30,True,4,False,25.0,359,False,False,False,389
wynaut,50.0,125,False,4,False,20.0,360,True,False,False,232
snorunt,50.0,190,False,4,False,20.0,361,False,False,False,390
glalie,50.0,75,True,4,False,20.0,362,False,False,False,391
spheal,50.0,255,False,4,False,20.0,363,False,False,False,393
sealeo,50.0,120,False,4,False,20.0,364,False,False,False,394
walrein,50.0,45,False,4,False,20.0,365,False,False,False,395
clamperl,70.0,255,False,4,False,20.0,366,False,False,False,396
huntail,70.0,60,False,4,False,20.0,367,False,False,False,397
gorebyss,70.0,60,False,4,False,20.0,368,False,False,False,398
relicanth,50.0,25,False,1,True,40.0,369,False,False,False,399
luvdisc,70.0,225,False,6,False,20.0,370,False,False,False,400
bagon,35.0,45,False,4,False,40.0,371,False,False,False,401
shelgon,35.0,45,False,4,False,40.0,372,False,False,False,402
salamence,35.0,45,True,4,False,40.0,373,False,False,False,403
beldum,35.0,3,False,-1,False,40.0,374,False,False,False,404
metang,35.0,3,False,-1,False,40.0,375,False,False,False,405
metagross,35.0,3,True,-1,False,40.0,376,False,False,False,406
regirock,35.0,3,False,-1,False,80.0,377,False,True,False,407
regice,35.0,3,False,-1,False,80.0,378,False,True,False,408
registeel,35.0,3,False,-1,False,80.0,379,False,True,False,409
latias,90.0,3,True,8,False,120.0,380,False,True,False,410
latios,90.0,3,True,0,False,120.0,381,False,True,False,411
kyogre,0.0,3,True,-1,False,120.0,382,False,True,False,412
groudon,0.0,3,True,-1,False,120.0,383,False,True,False,413
rayquaza,0.0,45,True,-1,False,120.0,384,False,True,False,414
jirachi,100.0,3,False,-1,False,120.0,385,False,False,True,415
deoxys,0.0,3,True,-1,False,120.0,386,False,False,True,416
turtwig,70.0,45,False,1,False,20.0,387,False,False,False,417
grotle,70.0,45,False,1,False,20.0,388,False,False,False,418
torterra,70.0,45,False,1,False,20.0,389,False,False,False,419
chimchar,70.0,45,False,1,False,20.0,390,False,False,False,420
monferno,70.0,45,False,1,False,20.0,391,False,False,False,421
infernape,70.0,45,False,1,False,20.0,392,False,False,False,422
piplup,70.0,45,False,1,False,20.0,393,False,False,False,423
prinplup,70.0,45,False,1,False,20.0,394,False,False,False,424
empoleon,70.0,45,False,1,False,20.0,395,False,False,False,425
starly,70.0,255,False,4,True,15.0,396,False,False,False,426
staravia,70.0,120,False,4,True,15.0,397,False,False,False,427
staraptor,70.0,45,False,4,True,15.0,398,False,False,False,428
bidoof,70.0,255,False,4,True,15.0,399,False,False,False,429
bibarel,70.0,127,False,4,True,15.0,400,False,False,False,430
kricketot,70.0,255,False,4,True,15.0,401,False,False,False,431
kricketune,70.0,45,False,4,True,15.0,402,False,False,False,432
shinx,50.0,235,False,4,True,20.0,403,False,False,False,433
luxio,100.0,120,False,4,True,20.0,404,False,False,False,434
luxray,50.0,45,False,4,True,20.0,405,False,False,False,435
budew,50.0,255,False,4,False,20.0,406,True,False,False,341
roserade,50.0,75,False,4,True,20.0,407,False,False,False,343
cranidos,70.0,45,False,1,False,30.0,408,False,False,False,436
rampardos,70.0,45,False,1,False,30.0,409,False,False,False,437
shieldon,70.0,45,False,1,False,30.0,410,False,False,False,438
bastiodon,70.0,45,False,1,False,30.0,411,False,False,False,439
burmy,70.0,120,True,4,False,15.0,412,False,False,False,440
wormadam,70.0,45,False,8,False,15.0,413,False,False,False,441
mothim,70.0,45,False,0,False,15.0,414,False,False,False,442
combee,50.0,120,False,1,True,15.0,415,False,False,False,443
vespiquen,50.0,45,False,8,False,15.0,416,False,False,False,444
pachirisu,100.0,200,False,4,True,10.0,417,False,False,False,445
buizel,70.0,190,False,4,True,20.0,418,False,False,False,446
floatzel,70.0,75,False,4,True,20.0,419,False,False,False,447
cherubi,50.0,190,False,4,False,20.0,420,False,False,False,448
cherrim,50.0,75,True,4,False,20.0,421,False,False,False,449
shellos,50.0,190,False,4,False,20.0,422,False,False,False,450
gastrodon,50.0,75,False,4,False,20.0,423,False,False,False,451
ambipom,100.0,45,False,4,True,20.0,424,False,False,False,220
drifloon,50.0,125,False,4,False,30.0,425,False,False,False,452
drifblim,50.0,60,False,4,False,30.0,426,False,False,False,453
buneary,0.0,190,False,4,False,20.0,427,False,False,False,454
lopunny,140.0,60,True,4,False,20.0,428,False,False,False,455
mismagius,35.0,45,False,4,False,25.0,429,False,False,False,230
honchkrow,35.0,30,False,4,False,20.0,430,False,False,False,228
glameow,70.0,190,False,6,False,20.0,431,False,False,False,456
purugly,70.0,75,False,6,False,20.0,432,False,False,False,457
chingling,70.0,120,False,4,False,25.0,433,True,False,False,387
stunky,50.0,225,False,4,False,20.0,434,False,False,False,458
skuntank,50.0,60,False,4,False,20.0,435,False,False,False,459
bronzor,50.0,255,False,-1,False,20.0,436,False,False,False,460
bronzong,50.0,90,False,-1,False,20.0,437,False,False,False,461
bonsly,50.0,255,False,4,False,20.0,438,True,False,False,214
mime-jr,50.0,145,False,4,False,25.0,439,True,False,False,139
happiny,140.0,130,False,8,False,40.0,440,True,False,False,126
chatot,35.0,30,False,4,False,20.0,441,False,False,False,462
spiritomb,50.0,100,False,4,False,30.0,442,False,False,False,463
gible,50.0,45,False,4,True,40.0,443,False,False,False,464
gabite,50.0,45,False,4,True,40.0,444,False,False,False,465
garchomp,50.0,45,True,4,True,40.0,445,False,False,False,466
munchlax,50.0,50,False,1,False,40.0,446,True,False,False,174
riolu,50.0,75,False,1,False,25.0,447,True,False,False,467
lucario,50.0,45,True,1,False,25.0,448,False,False,False,468
hippopotas,50.0,140,False,4,True,30.0,449,False,False,False,469
hippowdon,50.0,60,False,4,True,30.0,450,False,False,False,470
skorupi,50.0,120,False,4,False,20.0,451,False,False,False,471
drapion,50.0,45,False,4,False,20.0,452,False,False,False,472
croagunk,100.0,140,False,4,True,10.0,453,False,False,False,473
toxicroak,50.0,75,False,4,True,20.0,454,False,False,False,474
carnivine,70.0,200,False,4,False,25.0,455,False,False,False,475
finneon,70.0,190,False,4,True,20.0,456,False,False,False,476
lumineon,70.0,75,False,4,True,20.0,457,False,False,False,477
mantyke,50.0,25,False,4,False,25.0,458,True,False,False,258
snover,50.0,120,False,4,True,20.0,459,False,False,False,478
abomasnow,50.0,60,True,4,True,20.0,460,False,False,False,479
weavile,35.0,45,False,4,True,20.0,461,False,False,False,246
magnezone,50.0,30,False,-1,False,20.0,462,False,False,False,90
lickilicky,50.0,30,False,4,False,20.0,463,False,False,False,120
rhyperior,50.0,30,False,4,True,20.0,464,False,False,False,125
tangrowth,50.0,30,False,4,True,20.0,465,False,False,False,130
electivire,50.0,30,False,2,False,25.0,466,False,False,False,147
magmortar,50.0,30,False,2,False,25.0,467,False,False,False,150
togekiss,50.0,30,False,1,False,10.0,468,False,False,False,205
yanmega,70.0,30,False,4,False,20.0,469,False,False,False,224
leafeon,35.0,45,False,1,False,35.0,470,False,False,False,163
glaceon,35.0,45,False,1,False,35.0,471,False,False,False,164
gliscor,70.0,30,False,4,False,20.0,472,False,False,False,239
mamoswine,50.0,50,False,4,True,20.0,473,False,False,False,253
porygon-z,50.0,30,False,-1,False,20.0,474,False,False,False,168
gallade,35.0,45,True,0,False,20.0,475,False,False,False,308
probopass,70.0,60,False,4,False,20.0,476,False,False,False,325
dusknoir,35.0,45,False,4,False,25.0,477,False,False,False,385
froslass,50.0,75,False,8,False,20.0,478,False,False,False,392
rotom,50.0,45,True,-1,False,20.0,479,False,False,False,480
uxie,140.0,3,False,-1,False,80.0,480,False,True,False,481
mesprit,140.0,3,False,-1,False,80.0,481,False,True,False,482
azelf,140.0,3,False,-1,False,80.0,482,False,True,False,483
dialga,0.0,3,False,-1,False,120.0,483,False,True,False,484
palkia,0.0,3,False,-1,False,120.0,484,False,True,False,485
heatran,100.0,3,False,4,False,10.0,485,False,True,False,486
regigigas,0.0,3,False,-1,False,120.0,486,False,True,False,487
giratina,0.0,3,True,-1,False,120.0,487,False,True,False,488
cresselia,100.0,3,False,8,False,120.0,488,False,True,False,489
phione,70.0,30,False,-1,False,40.0,489,False,False,True,490
manaphy,70.0,3,False,-1,False,10.0,490,False,False,True,491
darkrai,0.0,3,False,-1,False,120.0,491,False,False,True,492
shaymin,100.0,45,True,-1,False,120.0,492,False,False,True,493
arceus,0.0,3,True,-1,False,120.0,493,False,False,True,494
victini,100.0,3,False,-1,False,120.0,494,False,False,True,495
snivy,70.0,45,False,1,False,20.0,495,False,False,False,496
servine,70.0,45,False,1,False,20.0,496,False,False,False,497
serperior,70.0,45,False,1,False,20.0,497,False,False,False,498
tepig,70.0,45,False,1,False,20.0,498,False,False,False,499
pignite,70.0,45,False,1,False,20.0,499,False,False,False,500
emboar,70.0,45,False,1,False,20.0,500,False,False,False,501
oshawott,70.0,45,False,1,False,20.0,501,False,False,False,502
dewott,70.0,45,False,1,False,20.0,502,False,False,False,503
samurott,70.0,45,False,1,False,20.0,503,False,False,False,504
patrat,70.0,255,False,4,False,15.0,504,False,False,False,505
watchog,70.0,255,False,4,False,20.0,505,False,False,False,506
lillipup,50.0,255,False,4,False,15.0,506,False,False,False,507
herdier,50.0,120,False,4,False,15.0,507,False,False,False,508
stoutland,50.0,45,False,4,False,15.0,508,False,False,False,509
purrloin,50.0,255,False,4,False,20.0,509,False,False,False,510
liepard,50.0,90,False,4,False,20.0,510,False,False,False,511
pansage,70.0,190,False,1,False,20.0,511,False,False,False,512
simisage,70.0,75,False,1,False,20.0,512,False,False,False,513
pansear,70.0,190,False,1,False,20.0,513,False,False,False,514
simisear,70.0,75,False,1,False,20.0,514,False,False,False,515
panpour,70.0,190,False,1,False,20.0,515,False,False,False,516
simipour,70.0,75,False,1,False,20.0,516,False,False,False,517
munna,50.0,190,False,4,False,10.0,517,False,False,False,518
musharna,50.0,75,False,4,False,10.0,518,False,False,False,519
pidove,50.0,255,False,4,False,15.0,519,False,False,False,520
tranquill,50.0,120,False,4,False,15.0,520,False,False,False,521
unfezant,50.0,45,False,4,True,15.0,521,False,False,False,522
blitzle,70.0,190,False,4,False,20.0,522,False,False,False,523
zebstrika,70.0,75,False,4,False,20.0,523,False,False,False,524
roggenrola,50.0,255,False,4,False,15.0,524,False,False,False,525
boldore,50.0,120,False,4,False,15.0,525,False,False,False,526
gigalith,50.0,45,False,4,False,15.0,526,False,False,False,527
woobat,50.0,190,False,4,False,15.0,527,False,False,False,528
swoobat,50.0,45,False,4,False,15.0,528,False,False,False,529
drilbur,50.0,120,False,4,False,20.0,529,False,False,False,530
excadrill,50.0,60,False,4,False,20.0,530,False,False,False,531
audino,50.0,255,True,4,False,20.0,531,False,False,False,532
timburr,70.0,180,False,2,False,20.0,532,False,False,False,533
gurdurr,50.0,90,False,2,False,20.0,533,False,False,False,534
conkeldurr,50.0,45,False,2,False,20.0,534,False,False,False,535
tympole,50.0,255,False,4,False,20.0,535,False,False,False,536
palpitoad,50.0,120,False,4,False,20.0,536,False,False,False,537
seismitoad,50.0,45,False,4,False,20.0,537,False,False,False,538
throh,50.0,45,False,0,False,20.0,538,False,False,False,539
sawk,50.0,45,False,0,False,20.0,539,False,False,False,540
sewaddle,70.0,255,False,4,False,15.0,540,False,False,False,541
swadloon,70.0,120,False,4,False,15.0,541,False,False,False,542
leavanny,70.0,45,False,4,False,15.0,542,False,False,False,543
venipede,50.0,255,False,4,False,15.0,543,False,False,False,544
whirlipede,50.0,120,False,4,False,15.0,544,False,False,False,545
scolipede,50.0,45,False,4,False,20.0,545,False,False,False,546
cottonee,50.0,190,False,4,False,20.0,546,False,False,False,547
whimsicott,50.0,75,False,4,False,20.0,547,False,False,False,548
petilil,50.0,190,False,8,False,20.0,548,False,False,False,549
lilligant,50.0,75,False,8,False,20.0,549,False,False,False,550
basculin,50.0,25,False,4,False,40.0,550,False,False,False,551
sandile,50.0,180,False,4,False,20.0,551,False,False,False,552
krokorok,50.0,90,False,4,False,20.0,552,False,False,False,553
krookodile,50.0,45,False,4,False,20.0,553,False,False,False,554
darumaka,50.0,120,False,4,False,20.0,554,False,False,False,555
darmanitan,50.0,60,True,4,False,20.0,555,False,False,False,556
maractus,50.0,255,False,4,False,20.0,556,False,False,False,557
dwebble,50.0,190,False,4,False,20.0,557,False,False,False,558
crustle,50.0,75,False,4,False,20.0,558,False,False,False,559
scraggy,35.0,180,False,4,False,15.0,559,False,False,False,560
scrafty,50.0,90,False,4,False,15.0,560,False,False,False,561
sigilyph,50.0,45,False,4,False,20.0,561,False,False,False,562
yamask,50.0,190,False,4,False,25.0,562,False,False,False,563
cofagrigus,50.0,90,False,4,False,25.0,563,False,False,False,564
tirtouga,50.0,45,False,1,False,30.0,564,False,False,False,565
carracosta,50.0,45,False,1,False,30.0,565,False,False,False,566
archen,50.0,45,False,1,False,30.0,566,False,False,False,567
archeops,50.0,45,False,1,False,30.0,567,False,False,False,568
trubbish,50.0,190,False,4,False,20.0,568,False,False,False,569
garbodor,50.0,60,False,4,False,20.0,569,False,False,False,570
zorua,50.0,75,False,1,False,25.0,570,False,False,False,571
zoroark,50.0,45,False,1,False,20.0,571,False,False,False,572
minccino,50.0,255,False,6,False,15.0,572,False,False,False,573
cinccino,50.0,60,False,6,False,15.0,573,False,False,False,574
gothita,50.0,200,False,6,False,20.0,574,False,False,False,575
gothorita,50.0,100,False,6,False,20.0,575,False,False,False,576
gothitelle,50.0,50,False,6,False,20.0,576,False,False,False,577
solosis,50.0,200,False,4,False,20.0,577,False,False,False,578
duosion,50.0,100,False,4,False,20.0,578,False,False,False,579
reuniclus,50.0,50,False,4,False,20.0,579,False,False,False,580
ducklett,70.0,190,False,4,False,20.0,580,False,False,False,581
swanna,70.0,45,False,4,False,20.0,581,False,False,False,582
vanillite,50.0,255,False,4,False,20.0,582,False,False,False,583
vanillish,50.0,120,False,4,False,20.0,583,False,False,False,584
vanilluxe,50.0,45,False,4,False,20.0,584,False,False,False,585
deerling,70.0,190,True,4,False,20.0,585,False,False,False,586
sawsbuck,70.0,75,True,4,False,20.0,586,False,False,False,587
emolga,50.0,200,False,4,False,20.0,587,False,False,False,588
karrablast,50.0,200,False,4,False,15.0,588,False,False,False,589
escavalier,50.0,75,False,4,False,15.0,589,False,False,False,590
foongus,50.0,190,False,4,False,20.0,590,False,False,False,591
amoonguss,50.0,75,False,4,False,20.0,591,False,False,False,592
frillish,50.0,190,False,4,True,20.0,592,False,False,False,593
jellicent,50.0,60,False,4,True,20.0,593,False,False,False,594
alomomola,70.0,75,False,4,False,40.0,594,False,False,False,595
joltik,50.0,190,False,4,False,20.0,595,False,False,False,596
galvantula,50.0,75,False,4,False,20.0,596,False,False,False,597
ferroseed,50.0,255,False,4,False,20.0,597,False,False,False,598
ferrothorn,50.0,90,False,4,False,20.0,598,False,False,False,599
klink,50.0,130,False,-1,False,20.0,599,False,False,False,600
klang,50.0,60,False,-1,False,20.0,600,False,False,False,601
klinklang,50.0,30,False,-1,False,20.0,601,False,False,False,602
tynamo,70.0,190,False,4,False,20.0,602,False,False,False,603
eelektrik,70.0,60,False,4,False,20.0,603,False,False,False,604
eelektross,70.0,30,False,4,False,20.0,604,False,False,False,605
elgyem,50.0,255,False,4,False,20.0,605,False,False,False,606
beheeyem,50.0,90,False,4,False,20.0,606,False,False,False,607
litwick,50.0,190,False,4,False,20.0,607,False,False,False,608
lampent,50.0,90,False,4,False,20.0,608,False,False,False,609
chandelure,50.0,45,False,4,False,20.0,609,False,False,False,610
axew,35.0,75,False,4,False,40.0,610,False,False,False,611
fraxure,35.0,60,False,4,False,40.0,611,False,False,False,612
haxorus,35.0,45,False,4,False,40.0,612,False,False,False,613
cubchoo,50.0,120,False,4,False,20.0,613,False,False,False,614
beartic,50.0,60,False,4,False,20.0,614,False,False,False,615
cryogonal,50.0,25,False,-1,False,25.0,615,False,False,False,616
shelmet,50.0,200,False,4,False,15.0,616,False,False,False,617
accelgor,50.0,75,False,4,False,15.0,617,False,False,False,618
stunfisk,70.0,75,False,4,False,20.0,618,False,False,False,619
mienfoo,50.0,180,False,4,False,25.0,619,False,False,False,620
mienshao,50.0,45,False,4,False,25.0,620,False,False,False,621
druddigon,50.0,45,False,4,False,30.0,621,False,False,False,622
golett,50.0,190,False,-1,False,25.0,622,False,False,False,623
golurk,50.0,90,False,-1,False,25.0,623,False,False,False,624
pawniard,35.0,120,False,4,False,20.0,624,False,False,False,625
bisharp,35.0,45,False,4,False,20.0,625,False,False,False,626
bouffalant,50.0,45,False,4,False,20.0,626,False,False,False,627
rufflet,50.0,190,False,0,False,20.0,627,False,False,False,628
braviary,50.0,60,False,0,False,20.0,628,False,False,False,629
vullaby,35.0,190,False,8,False,20.0,629,False,False,False,630
mandibuzz,35.0,60,False,8,False,20.0,630,False,False,False,631
heatmor,50.0,90,False,4,False,20.0,631,False,False,False,632
durant,50.0,90,False,4,False,20.0,632,False,False,False,633
deino,35.0,45,False,4,False,40.0,633,False,False,False,634
zweilous,35.0,45,False,4,False,40.0,634,False,False,False,635
hydreigon,35.0,45,False,4,False,40.0,635,False,False,False,636
larvesta,50.0,45,False,4,False,40.0,636,False,False,False,637
volcarona,50.0,15,False,4,False,40.0,637,False,False,False,638
cobalion,35.0,3,False,-1,False,80.0,638,False,True,False,639
terrakion,35.0,3,False,-1,False,80.0,639,False,True,False,640
virizion,35.0,3,False,-1,False,80.0,640,False,True,False,641
tornadus,90.0,3,True,0,False,120.0,641,False,True,False,642
thundurus,90.0,3,True,0,False,120.0,642,False,True,False,643
reshiram,0.0,3,False,-1,False,120.0,643,False,True,False,644
zekrom,0.0,3,False,-1,False,120.0,644,False,True,False,645
landorus,90.0,3,True,0,False,120.0,645,False,True,False,646
kyurem,0.0,3,True,-1,False,120.0,646,False,True,False,647
keldeo,35.0,3,True,-1,False,80.0,647,False,False,True,648
meloetta,100.0,3,True,-1,False,120.0,648,False,False,True,649
genesect,0.0,3,True,-1,False,120.0,649,False,False,True,650
chespin,70.0,45,False,1,False,20.0,650,False,False,False,651
quilladin,70.0,45,False,1,False,20.0,651,False,False,False,652
chesnaught,70.0,45,False,1,False,20.0,652,False,False,False,653
fennekin,70.0,45,False,1,False,20.0,653,False,False,False,654
braixen,70.0,45,False,1,False,20.0,654,False,False,False,655
delphox,70.0,45,False,1,False,20.0,655,False,False,False,656
froakie,70.0,45,False,1,False,20.0,656,False,False,False,657
frogadier,70.0,45,False,1,False,20.0,657,False,False,False,658
greninja,70.0,45,False,1,False,20.0,658,False,False,False,659
bunnelby,50.0,255,False,4,False,15.0,659,False,False,False,660
diggersby,50.0,127,False,4,False,15.0,660,False,False,False,661
fletchling,50.0,255,False,4,False,15.0,661,False,False,False,662
fletchinder,50.0,120,False,4,False,15.0,662,False,False,False,663
talonflame,50.0,45,False,4,False,15.0,663,False,False,False,664
scatterbug,70.0,255,False,4,False,15.0,664,False,False,False,665
spewpa,70.0,120,False,4,False,15.0,665,False,False,False,666
vivillon,70.0,45,False,4,False,15.0,666,False,False,False,667
litleo,70.0,220,False,7,False,20.0,667,False,False,False,668
pyroar,70.0,65,False,7,True,20.0,668,False,False,False,669
flabebe,70.0,225,False,8,False,20.0,669,False,False,False,670
floette,70.0,120,False,8,False,20.0,670,False,False,False,671
florges,70.0,45,False,8,False,20.0,671,False,False,False,672
skiddo,70.0,200,False,4,False,20.0,672,False,False,False,673
gogoat,70.0,45,False,4,False,20.0,673,False,False,False,674
pancham,50.0,220,False,4,False,25.0,674,False,False,False,675
pangoro,50.0,65,False,4,False,25.0,675,False,False,False,676
furfrou,70.0,160,True,4,False,20.0,676,False,False,False,677
espurr,50.0,190,False,4,False,20.0,677,False,False,False,678
meowstic,50.0,75,False,4,True,20.0,678,False,False,False,679
honedge,50.0,180,False,4,False,20.0,679,False,False,False,680
doublade,50.0,90,False,4,False,20.0,680,False,False,False,681
aegislash,50.0,45,True,4,False,20.0,681,False,False,False,682
spritzee,50.0,200,False,4,False,20.0,682,False,False,False,683
aromatisse,50.0,140,False,4,False,20.0,683,False,False,False,684
swirlix,50.0,200,False,4,False,20.0,684,False,False,False,685
slurpuff,50.0,140,False,4,False,20.0,685,False,False,False,686
inkay,50.0,190,False,4,False,20.0,686,False,False,False,687
malamar,50.0,80,False,4,False,20.0,687,False,False,False,688
binacle,50.0,120,False,4,False,20.0,688,False,False,False,689
barbaracle,50.0,45,False,4,False,20.0,689,False,False,False,690
skrelp,50.0,225,False,4,False,20.0,690,False,False,False,691
dragalge,50.0,55,False,4,False,20.0,691,False,False,False,692
clauncher,50.0,225,False,4,False,15.0,692,False,False,False,693
clawitzer,50.0,55,False,4,False,15.0,693,False,False,False,694
helioptile,50.0,190,False,4,False,20.0,694,False,False,False,695
heliolisk,50.0,75,False,4,False,20.0,695,False,False,False,696
tyrunt,50.0,45,False,1,False,30.0,696,False,False,False,697
tyrantrum,50.0,45,False,1,False,30.0,697,False,False,False,698
amaura,50.0,45,False,1,False,30.0,698,False,False,False,699
aurorus,50.0,45,False,1,False,30.0,699,False,False,False,700
sylveon,50.0,45,False,1,False,35.0,700,False,False,False,165
hawlucha,50.0,100,False,4,False,20.0,701,False,False,False,701
dedenne,50.0,180,False,4,False,20.0,702,False,False,False,702
carbink,50.0,60,False,-1,False,25.0,703,False,False,False,703
goomy,35.0,45,False,4,False,40.0,704,False,False,False,704
sliggoo,35.0,45,False,4,False,40.0,705,False,False,False,705
goodra,35.0,45,False,4,False,40.0,706,False,False,False,706
klefki,50.0,75,False,4,False,20.0,707,False,False,False,707
phantump,50.0,120,False,4,False,20.0,708,False,False,False,708
trevenant,50.0,60,False,4,False,20.0,709,False,False,False,709
pumpkaboo,50.0,120,False,4,False,20.0,710,False,False,False,710
gourgeist,50.0,60,False,4,False,20.0,711,False,False,False,711
bergmite,50.0,190,False,4,False,20.0,712,False,False,False,712
avalugg,50.0,55,False,4,False,20.0,713,False,False,False,713
noibat,50.0,190,False,4,False,20.0,714,False,False,False,714
noivern,50.0,45,False,4,False,20.0,715,False,False,False,715
xerneas,0.0,45,True,-1,False,120.0,716,False,True,False,716
yveltal,0.0,45,False,-1,False,120.0,717,False,True,False,717
zygarde,0.0,3,False,-1,False,120.0,718,False,True,False,718
diancie,50.0,3,True,-1,False,25.0,719,False,False,True,719
hoopa,100.0,3,False,-1,False,120.0,720,False,False,True,720
volcanion,100.0,3,False,-1,False,120.0,721,False,False,True,721
rowlet,50.0,45,False,1,False,15.0,722,False,False,False,722
dartrix,50.0,45,False,1,False,15.0,723,False,False,False,723
decidueye,50.0,45,False,1,False,15.0,724,False,False,False,724
litten,50.0,45,False,1,False,15.0,725,False,False,False,725
torracat,50.0,45,False,1,False,15.0,726,False,False,False,726
incineroar,50.0,45,False,1,False,15.0,727,False,False,False,727
popplio,50.0,45,False,1,False,15.0,728,False,False,False,728
brionne,50.0,45,False,1,False,15.0,729,False,False,False,729
primarina,50.0,45,False,1,False,15.0,730,False,False,False,730
pikipek,70.0,255,False,4,False,15.0,731,False,False,False,731
trumbeak,70.0,120,False,4,False,15.0,732,False,False,False,732
toucannon,70.0,45,False,4,False,15.0,733,False,False,False,733
yungoos,70.0,255,False,4,False,15.0,734,False,False,False,734
gumshoos,70.0,127,False,4,False,15.0,735,False,False,False,735
grubbin,50.0,255,False,4,False,15.0,736,False,False,False,736
charjabug,50.0,120,False,4,False,15.0,737,False,False,False,737
vikavolt,50.0,45,False,4,False,15.0,738,False,False,False,738
crabrawler,70.0,225,False,4,False,20.0,739,False,False,False,739
crabominable,70.0,60,False,4,False,20.0,740,False,False,False,740
oricorio,70.0,45,False,6,False,20.0,741,False,False,False,741
cutiefly,50.0,190,False,4,False,20.0,742,False,False,False,742
ribombee,50.0,75,False,4,False,20.0,743,False,False,False,743
rockruff,50.0,190,False,4,False,15.0,744,False,False,False,744
lycanroc,50.0,90,False,4,False,15.0,745,False,False,False,745
wishiwashi,50.0,60,False,4,False,15.0,746,False,False,False,746
mareanie,50.0,190,False,4,False,20.0,747,False,False,False,747
toxapex,50.0,75,False,4,False,20.0,748,False,False,False,748
mudbray,50.0,190,False,4,False,20.0,749,False,False,False,749
mudsdale,50.0,60,False,4,False,20.0,750,False,False,False,750
dewpider,50.0,200,False,4,False,15.0,751,False,False,False,751
araquanid,50.0,100,False,4,False,15.0,752,False,False,False,752
fomantis,50.0,190,False,4,False,20.0,753,False,False,False,753
lurantis,50.0,75,False,4,False,20.0,754,False,False,False,754
morelull,50.0,190,False,4,False,20.0,755,False,False,False,755
shiinotic,50.0,75,False,4,False,20.0,756,False,False,False,756
salandit,50.0,120,False,1,False,20.0,757,False,False,False,757
salazzle,50.0,45,False,8,False,20.0,758,False,False,False,758
stufful,50.0,140,False,4,False,15.0,759,False,False,False,759
bewear,50.0,70,False,4,False,15.0,760,False,False,False,760
bounsweet,50.0,235,False,8,False,20.0,761,False,False,False,761
steenee,50.0,120,False,8,False,20.0,762,False,False,False,762
tsareena,50.0,45,False,8,False,20.0,763,False,False,False,763
comfey,50.0,60,False,6,False,20.0,764,False,False,False,764
oranguru,50.0,45,False,4,False,20.0,765,False,False,False,765
passimian,50.0,45,False,4,False,20.0,766,False,False,False,766
wimpod,50.0,90,False,4,False,20.0,767,False,False,False,767
golisopod,50.0,45,False,4,False,20.0,768,False,False,False,768
sandygast,50.0,140,False,4,False,15.0,769,False,False,False,769
palossand,50.0,60,False,4,False,15.0,770,False,False,False,770
pyukumuku,50.0,60,False,4,False,15.0,771,False,False,False,771
type-null,0.0,3,False,-1,False,120.0,772,False,False,False,772
silvally,0.0,3,False,-1,False,120.0,773,False,True,False,773
minior,70.0,30,False,-1,False,25.0,774,False,False,False,774
komala,70.0,45,False,4,False,20.0,775,False,False,False,775
turtonator,50.0,70,False,4,False,20.0,776,False,False,False,776
togedemaru,50.0,180,False,4,False,10.0,777,False,False,False,777
mimikyu,50.0,45,False,4,False,20.0,778,False,False,False,778
bruxish,70.0,80,False,4,False,15.0,779,False,False,False,779
drampa,50.0,70,False,4,False,20.0,780,False,False,False,780
dhelmise,50.0,25,False,-1,False,25.0,781,False,False,False,781
jangmo-o,50.0,45,False,4,False,40.0,782,False,False,False,782
hakamo-o,50.0,45,False,4,False,40.0,783,False,False,False,783
kommo-o,50.0,45,False,4,False,40.0,784,False,False,False,784
tapu-koko,50.0,3,False,-1,False,15.0,785,False,True,False,785
tapu-lele,50.0,3,False,-1,False,15.0,786,False,True,False,786
tapu-bulu,50.0,3,False,-1,False,15.0,787,False,True,False,787
tapu-fini,50.0,3,False,-1,False,15.0,788,False,True,False,788
cosmog,0.0,45,False,-1,False,120.0,789,False,True,False,789
cosmoem,0.0,45,False,-1,False,120.0,790,False,True,False,790
solgaleo,0.0,45,False,-1,False,120.0,791,False,True,False,791
lunala,0.0,45,False,-1,False,120.0,792,False,True,False,792
nihilego,0.0,45,False,-1,False,120.0,793,False,False,False,793
buzzwole,0.0,45,False,-1,False,120.0,794,False,False,False,794
pheromosa,0.0,45,False,-1,False,120.0,795,False,False,False,795
xurkitree,0.0,45,False,-1,False,120.0,796,False,False,False,796
celesteela,0.0,45,False,-1,False,120.0,797,False,False,False,797
kartana,0.0,45,False,-1,False,120.0,798,False,False,False,798
guzzlord,0.0,45,False,-1,False,120.0,799,False,False,False,799
necrozma,0.0,255,False,-1,False,120.0,800,False,True,False,800
magearna,0.0,3,False,-1,False,120.0,801,False,False,True,801
marshadow,0.0,3,False,-1,False,120.0,802,False,False,True,802
poipole,0.0,45,False,-1,False,120.0,803,False,False,False,803
naganadel,0.0,45,False,-1,False,120.0,804,False,False,False,804
stakataka,0.0,30,False,-1,False,120.0,805,False,False,False,805
blacephalon,0.0,30,False,-1,False,120.0,806,False,False,False,806
zeraora,0.0,3,False,-1,False,120.0,807,False,False,True,807
meltan,0.0,3,False,-1,False,120.0,808,False,False,True,808
melmetal,0.0,3,False,-1,False,120.0,809,False,False,True,809
grookey,50.0,45,False,1,False,20.0,810,False,False,False,810
thwackey,50.0,45,False,1,False,20.0,811,False,False,False,811
rillaboom,50.0,45,False,1,False,20.0,812,False,False,False,812
scorbunny,50.0,45,False,1,False,20.0,813,False,False,False,813
raboot,50.0,45,False,1,False,20.0,814,False,False,False,814
cinderace,50.0,45,False,1,False,20.0,815,False,False,False,815
sobble,50.0,45,False,1,False,20.0,816,False,False,False,816
drizzile,50.0,45,False,1,False,20.0,817,False,False,False,817
inteleon,50.0,45,False,1,False,20.0,818,False,False,False,818
skwovet,50.0,255,False,4,False,20.0,819,False,False,False,819
greedent,50.0,90,False,4,False,20.0,820,False,False,False,820
rookidee,50.0,255,False,4,False,15.0,821,False,False,False,821
corvisquire,50.0,120,False,4,False,15.0,822,False,False,False,822
corviknight,50.0,45,False,4,False,15.0,823,False,False,False,823
blipbug,50.0,255,False,4,False,15.0,824,False,False,False,824
dottler,50.0,120,False,4,False,15.0,825,False,False,False,825
orbeetle,50.0,45,False,4,False,15.0,826,False,False,False,826
nickit,50.0,255,False,4,False,15.0,827,False,False,False,827
thievul,50.0,127,False,4,False,15.0,828,False,False,False,828
gossifleur,50.0,190,False,4,False,20.0,829,False,False,False,829
eldegoss,50.0,75,False,4,False,20.0,830,False,False,False,830
wooloo,50.0,255,False,4,False,15.0,831,False,False,False,831
dubwool,50.0,127,False,4,False,15.0,832,False,False,False,832
chewtle,50.0,255,False,4,False,20.0,833,False,False,False,833
drednaw,50.0,75,False,4,False,20.0,834,False,False,False,834
yamper,50.0,255,False,4,False,20.0,835,False,False,False,835
boltund,50.0,45,False,4,False,20.0,836,False,False,False,836
rolycoly,50.0,255,False,4,False,15.0,837,False,False,False,837
carkol,50.0,120,False,4,False,15.0,838,False,False,False,838
coalossal,50.0,45,False,4,False,15.0,839,False,False,False,839
applin,50.0,255,False,4,False,20.0,840,False,False,False,840
flapple,50.0,45,False,4,False,20.0,841,False,False,False,841
appletun,50.0,45,False,4,False,20.0,842,False,False,False,842
silicobra,50.0,255,False,4,False,20.0,843,False,False,False,843
sandaconda,50.0,120,False,4,False,20.0,844,False,False,False,844
cramorant,50.0,45,False,4,False,20.0,845,False,False,False,845
arrokuda,50.0,255,False,4,False,20.0,846,False,False,False,846
barraskewda,50.0,60,False,4,False,20.0,847,False,False,False,847
toxel,50.0,75,False,4,False,25.0,848,True,False,False,848
toxtricity,50.0,45,False,4,False,25.0,849,False,False,False,849
sizzlipede,50.0,190,False,4,False,20.0,850,False,False,False,850
centiskorch,50.0,75,False,4,False,20.0,851,False,False,False,851
clobbopus,50.0,180,False,4,False,25.0,852,False,False,False,852
grapploct,50.0,45,False,4,False,25.0,853,False,False,False,853
sinistea,50.0,120,False,-1,False,20.0,854,False,False,False,854
polteageist,50.0,60,False,-1,False,20.0,855,False,False,False,855
hatenna,50.0,235,False,8,False,20.0,856,False,False,False,856
hattrem,50.0,120,False,8,False,20.0,857,False,False,False,857
hatterene,50.0,45,False,8,False,20.0,858,False,False,False,858
impidimp,50.0,255,False,0,False,20.0,859,False,False,False,859
morgrem,50.0,120,False,0,False,20.0,860,False,False,False,860
grimmsnarl,50.0,45,False,0,False,20.0,861,False,False,False,861
obstagoon,50.0,45,False,4,False,15.0,862,False,False,False,862
perrserker,50.0,90,False,4,False,20.0,863,False,False,False,863
cursola,50.0,30,False,6,False,20.0,864,False,False,False,864
sirfetchd,50.0,45,False,4,False,20.0,865,False,False,False,865
mr-rime,50.0,45,False,4,False,25.0,866,False,False,False,866
runerigus,50.0,90,False,4,False,25.0,867,False,False,False,867
milcery,50.0,200,False,8,False,20.0,868,False,False,False,868
alcremie,50.0,100,False,8,False,20.0,869,False,False,False,869
falinks,50.0,45,False,-1,False,25.0,870,False,False,False,870
pincurchin,50.0,75,False,4,False,20.0,871,False,False,False,871
snom,50.0,190,False,4,False,20.0,872,False,False,False,872
frosmoth,50.0,75,False,4,False,20.0,873,False,False,False,873
stonjourner,50.0,60,False,4,False,25.0,874,False,False,False,874
eiscue,50.0,60,False,4,False,25.0,875,False,False,False,875
indeedee,140.0,30,False,4,True,40.0,876,False,False,False,876
morpeko,50.0,180,False,4,False,10.0,877,False,False,False,877
cufant,50.0,190,False,4,False,25.0,878,False,False,False,878
copperajah,50.0,90,False,4,False,25.0,879,False,False,False,879
dracozolt,50.0,45,False,-1,False,35.0,880,False,False,False,880
arctozolt,50.0,45,False,-1,False,35.0,881,False,False,False,881
dracovish,50.0,45,False,-1,False,35.0,882,False,False,False,882
arctovish,50.0,45,False,-1,False,35.0,883,False,False,False,883
duraludon,50.0,45,False,4,False,30.0,884,False,False,False,884
dreepy,50.0,45,False,4,False,40.0,885,False,False,False,885
drakloak,50.0,45,False,4,False,40.0,886,False,False,False,886
dragapult,50.0,45,False,4,False,40.0,887,False,False,False,887
zacian,0.0,10,False,-1,False,120.0,888,False,True,False,888
zamazenta,0.0,10,False,-1,False,120.0,889,False,True,False,889
eternatus,0.0,255,False,-1,False,120.0,890,False,True,False,890
kubfu,50.0,3,False,1,False,120.0,891,False,True,False,891
urshifu,50.0,3,False,1,False,120.0,892,False,True,False,892
zarude,0.0,3,False,-1,False,120.0,893,False,False,True,893
regieleki,35.0,3,False,-1,False,120.0,894,False,True,False,894
regidrago,35.0,3,False,-1,False,120.0,895,False,True,False,895
glastrier,35.0,3,False,-1,False,120.0,896,False,True,False,896
spectrier,35.0,3,False,-1,False,120.0,897,False,True,False,897
calyrex,100.0,3,False,-1,False,120.0,898,False,True,False,898
wyrdeer,,135,False,4,False,,899,False,False,False,899
kleavor,,115,False,4,False,,900,False,False,False,900
ursaluna,,75,False,4,False,,901,False,False,False,901
basculegion,,135,True,4,True,,902,False,False,False,902
sneasler,,135,False,4,False,,903,False,False,False,903
overqwil,,135,False,4,False,,904,False,False,False,904
enamorus,,3,True,8,False,,905,False,True,False,905
sprigatito,50.0,45,False,1,False,20.0,906,False,False,False,906
floragato,50.0,45,False,1,False,20.0,907,False,False,False,907
meowscarada,50.0,45,False,1,False,20.0,908,False,False,False,908
fuecoco,50.0,45,False,1,False,20.0,909,False,False,False,909
crocalor,50.0,45,False,1,False,20.0,910,False,False,False,910
skeledirge,50.0,45,False,1,False,20.0,911,False,False,False,911
quaxly,50.0,45,False,1,False,20.0,912,False,False,False,912
quaxwell,50.0,45,False,1,False,20.0,913,False,False,False,913
quaquaval,50.0,45,False,1,False,20.0,914,False,False,False,914
lechonk,50.0,255,False,4,False,15.0,915,False,False,False,915
oinkologne,50.0,100,False,0,True,15.0,916,False,False,False,916
tarountula,50.0,255,False,4,False,15.0,917,False,False,False,918
spidops,50.0,120,False,4,False,15.0,918,False,False,False,919
nymble,20.0,190,False,4,False,20.0,919,False,False,False,920
lokix,0.0,30,False,4,False,20.0,920,False,False,False,921
pawmi,50.0,190,False,4,False,15.0,921,False,False,False,954
pawmo,50.0,80,False,4,False,15.0,922,False,False,False,955
pawmot,50.0,45,False,4,False,15.0,923,False,False,False,956
tandemaus,50.0,150,False,-1,False,10.0,924,False,False,False,945
maushold,50.0,75,False,-1,False,10.0,925,False,False,False,946
fidough,50.0,190,False,4,False,20.0,926,False,False,False,970
dachsbun,50.0,90,False,4,False,20.0,927,False,False,False,971
smoliv,50.0,255,False,4,False,20.0,928,False,False,False,935
dolliv,50.0,120,False,4,False,20.0,929,False,False,False,936
arboliva,50.0,45,False,4,False,20.0,930,False,False,False,937
squawkabilly,50.0,190,False,4,False,15.0,931,False,False,False,960
nacli,50.0,255,False,4,False,20.0,932,False,False,False,963
naclstack,50.0,120,False,4,False,20.0,933,False,False,False,964
garganacl,50.0,45,False,4,False,20.0,934,False,False,False,965
charcadet,50.0,90,False,4,False,35.0,935,False,False,False,1003
armarouge,20.0,25,False,4,False,35.0,936,False,False,False,1004
ceruledge,20.0,25,False,4,False,35.0,937,False,False,False,1005
tadbulb,50.0,190,False,4,False,20.0,938,False,False,False,940
bellibolt,50.0,50,False,4,False,20.0,939,False,False,False,941
wattrel,50.0,180,False,4,False,20.0,940,False,False,False,957
kilowattrel,50.0,90,False,4,False,20.0,941,False,False,False,958
maschiff,50.0,150,False,4,False,20.0,942,False,False,False,972
mabosstiff,50.0,75,False,4,False,20.0,943,False,False,False,973
shroodle,50.0,190,False,4,False,20.0,944,False,False,False,968
grafaiai,50.0,90,False,4,False,20.0,945,False,False,False,969
bramblin,50.0,190,False,4,False,20.0,946,False,False,False,974
brambleghast,50.0,45,False,4,False,20.0,947,False,False,False,975
toedscool,50.0,190,False,4,False,20.0,948,False,False,False,1006
toedscruel,50.0,90,False,4,False,20.0,949,False,False,False,1007
klawf,50.0,120,False,4,False,35.0,950,False,False,False,962
capsakid,50.0,190,False,4,False,20.0,951,False,False,False,938
scovillain,50.0,75,False,4,False,20.0,952,False,False,False,939
rellor,50.0,190,False,4,False,20.0,953,False,False,False,922
rabsca,50.0,45,False,4,False,20.0,954,False,False,False,923
flittle,50.0,120,False,4,False,20.0,955,False,False,False,926
espathra,50.0,60,False,4,False,20.0,956,False,False,False,927
tinkatink,50.0,190,False,8,False,20.0,957,False,False,False,1000
tinkatuff,50.0,90,False,8,False,20.0,958,False,False,False,1001
tinkaton,50.0,45,False,8,False,20.0,959,False,False,False,1002
wiglett,50.0,255,False,4,False,20.0,960,False,False,False,929
wugtrio,50.0,50,False,4,False,20.0,961,False,False,False,930
bombirdier,50.0,25,False,4,False,35.0,962,False,False,False,959
finizen,50.0,200,False,4,False,40.0,963,False,False,False,933
palafin,50.0,45,False,4,False,40.0,964,False,False,False,934
varoom,50.0,190,False,4,False,20.0,965,False,False,False,942
revavroom,50.0,75,False,4,False,20.0,966,False,False,False,943
cyclizar,50.0,190,False,4,False,30.0,967,False,False,False,953
orthworm,50.0,25,False,4,False,35.0,968,False,False,False,944
glimmet,50.0,70,False,4,False,30.0,969,False,False,False,966
glimmora,50.0,25,False,4,False,30.0,970,False,False,False,967
greavard,50.0,120,False,4,False,20.0,971,False,False,False,924
houndstone,50.0,60,False,4,False,20.0,972,False,False,False,925
flamigo,50.0,100,False,4,False,20.0,973,False,False,False,961
cetoddle,50.0,150,False,4,False,25.0,974,False,False,False,947
cetitan,50.0,50,False,4,False,25.0,975,False,False,False,948
veluza,50.0,100,False,4,False,20.0,976,False,False,False,932
dondozo,50.0,25,False,4,False,40.0,977,False,False,False,931
tatsugiri,50.0,100,False,4,False,35.0,978,False,False,False,952
annihilape,50.0,45,False,4,False,20.0,979,False,False,False,1010
clodsire,50.0,90,False,4,False,20.0,980,False,False,False,1009
farigiraf,50.0,45,False,4,False,20.0,981,False,False,False,928
dudunsparce,50.0,45,False,4,False,20.0,982,False,False,False,917
kingambit,50.0,25,False,4,False,20.0,983,False,False,False,1008
great-tusk,0.0,30,False,-1,False,50.0,984,False,False,False,978
scream-tail,0.0,50,False,-1,False,50.0,985,False,False,False,982
brute-bonnet,0.0,50,False,-1,False,50.0,986,False,False,False,979
flutter-mane,0.0,30,False,-1,False,50.0,987,False,False,False,983
slither-wing,0.0,30,False,-1,False,50.0,988,False,False,False,984
sandy-shocks,0.0,30,False,-1,False,50.0,989,False,False,False,981
iron-treads,0.0,30,False,-1,False,50.0,990,False,False,False,986
iron-bundle,0.0,50,False,-1,False,50.0,991,False,False,False,992
iron-hands,0.0,50,False,-1,False,50.0,992,False,False,False,989
iron-jugulis,0.0,30,False,-1,False,50.0,993,False,False,False,990
iron-moth,0.0,30,False,-1,False,50.0,994,False,False,False,988
iron-thorns,0.0,30,False,-1,False,50.0,995,False,False,False,991
frigibax,50.0,45,False,4,False,40.0,996,False,False,False,949
arctibax,50.0,25,False,4,False,40.0,997,False,False,False,950
baxcalibur,50.0,10,False,4,False,40.0,998,False,False,False,951
gimmighoul,50.0,45,False,-1,False,50.0,999,False,False,False,976
gholdengo,50.0,45,False,-1,False,50.0,1000,False,False,False,977
wo-chien,0.0,6,False,-1,False,50.0,1001,False,True,False,996
chien-pao,0.0,6,False,-1,False,50.0,1002,False,True,False,995
ting-lu,0.0,6,False,-1,False,50.0,1003,False,True,False,994
chi-yu,0.0,6,False,-1,False,50.0,1004,False,True,False,997
roaring-moon,0.0,10,False,-1,False,50.0,1005,False,False,False,985
iron-valiant,0.0,10,False,-1,False,50.0,1006,False,False,False,993
koraidon,0.0,3,False,-1,False,50.0,1007,False,True,False,998
miraidon,0.0,3,False,-1,False,50.0,1008,False,True,False,999
walking-wake,0.0,5,False,-1,False,50.0,1009,False,False,False,1011
iron-leaves,0.0,5,False,-1,False,50.0,1010,False,False,False,1012
dipplin,0.0,45,False,-1,False,20.0,1011,False,False,False,1013
poltchageist,0.0,120,False,-1,False,50.0,1012,False,False,False,1014
sinistcha,0.0,60,False,-1,False,50.0,1013,False,False,False,1015
okidogi,0.0,3,False,-1,False,50.0,1014,False,True,False,1016
munkidori,0.0,3,False,-1,False,50.0,1015,False,True,False,1017
fezandipiti,0.0,3,False,-1,False,50.0,1016,False,True,False,1018
ogerpon,0.0,5,False,-1,False,50.0,1017,False,True,False,1019
archaludon,50.0,10,False,4,False,30.0,1018,False,False,False,1020
hydrapple,50.0,10,False,4,False,20.0,1019,False,False,False,1021
gouging-fire,0.0,10,False,-1,False,50.0,1020,False,False,False,1022
raging-bolt,0.0,10,False,-1,False,50.0,1021,False,False,False,1023
iron-boulder,0.0,10,False,-1,False,50.0,1022,False,False,False,1024
iron-crown,0.0,10,False,-1,False,50.0,1023,False,False,False,1025
terapagos,50.0,255,False,-1,False,5.0,1024,False,True,False,1026
pecharunt,0.0,3,False,-1,False,20.0,1025,False,False,True,1027
